date,iva,befolkning,mean_age,Region,change_coming_3_days,change_since_1_days,change_since_2_days,change_since_3_days,change_since_4_days,change_since_5_days,change_since_6_days,change_since_7_days,cases,case_change_from_day_10_to_4,iva_per_1000
2020-03-06,0.0,159606.0,43.358574,Region Blekinge,,,,,,,,,0.0,,0.0
2020-03-07,0.0,159606.0,43.358574,Region Blekinge,,,,,,,,,0.0,,0.0
2020-03-08,0.0,159606.0,43.358574,Region Blekinge,,,,,,,,,0.0,,0.0
2020-03-09,0.0,159606.0,43.358574,Region Blekinge,,,,,,,,,0.0,,0.0
2020-03-10,0.0,159606.0,43.358574,Region Blekinge,,,,,,,,,0.0,,0.0
2020-03-11,0.0,159606.0,43.358574,Region Blekinge,,,,,,,,,1.0,,0.0
2020-03-12,0.0,159606.0,43.358574,Region Blekinge,,,,,,,,,7.0,,0.0
2020-03-13,0.0,159606.0,43.358574,Region Blekinge,,,,,,,,,9.0,,0.0
2020-03-14,0.0,159606.0,43.358574,Region Blekinge,,,,,,,,,9.0,,0.0
2020-03-15,0.0,159606.0,43.358574,Region Blekinge,,,,,,,,,9.0,,0.0
2020-03-16,0.0,159606.0,43.358574,Region Blekinge,,,,,,,,,10.0,inf,0.0
2020-03-17,0.0,159606.0,43.358574,Region Blekinge,,,,,,,,,10.0,inf,0.0
2020-03-18,0.0,159606.0,43.358574,Region Blekinge,,,,,,,,,11.0,inf,0.0
2020-03-19,0.0,159606.0,43.358574,Region Blekinge,,,,,,,,,12.0,inf,0.0
2020-03-20,0.0,159606.0,43.358574,Region Blekinge,,,,,,,,,12.0,inf,0.0
2020-03-21,0.0,159606.0,43.358574,Region Blekinge,,,,,,,,,12.0,10.0,0.0
2020-03-22,0.0,159606.0,43.358574,Region Blekinge,,,,,,,,,12.0,1.5714285714285714,0.0
2020-03-23,0.0,159606.0,43.358574,Region Blekinge,,,,,,,,,12.0,1.3333333333333333,0.0
2020-03-24,0.0,159606.0,43.358574,Region Blekinge,,,,,,,,,12.0,1.3333333333333333,0.0
2020-03-25,0.0,159606.0,43.358574,Region Blekinge,inf,,,,,,,,12.0,1.3333333333333333,0.0
2020-03-26,0.0,159606.0,43.358574,Region Blekinge,inf,,,,,,,,15.0,1.2,0.0
2020-03-27,0.0,159606.0,43.358574,Region Blekinge,inf,,,,,,,,15.0,1.2,0.0
2020-03-28,1.0,159606.0,43.358574,Region Blekinge,1.0,inf,inf,inf,inf,inf,inf,inf,17.0,1.0909090909090908,0.006265428617971755
2020-03-29,1.0,159606.0,43.358574,Region Blekinge,1.0,1.0,inf,inf,inf,inf,inf,inf,17.0,1.0,0.006265428617971755
2020-03-30,1.0,159606.0,43.358574,Region Blekinge,2.0,1.0,1.0,inf,inf,inf,inf,inf,21.0,1.25,0.006265428617971755
2020-03-31,1.0,159606.0,43.358574,Region Blekinge,2.0,1.0,1.0,1.0,inf,inf,inf,inf,21.0,1.25,0.006265428617971755
2020-04-01,1.0,159606.0,43.358574,Region Blekinge,,1.0,1.0,1.0,1.0,inf,inf,inf,,1.4166666666666667,0.006265428617971755
2020-04-02,2.0,159606.0,43.358574,Region Blekinge,,2.0,2.0,2.0,2.0,2.0,inf,inf,,1.4166666666666667,0.01253085723594351
2020-04-03,2.0,159606.0,43.358574,Region Blekinge,,1.0,2.0,2.0,2.0,2.0,2.0,inf,,1.75,0.01253085723594351
2020-03-06,0.0,287966.0,43.698243,Region Dalarna,,,,,,,,,0.0,,0.0
2020-03-07,0.0,287966.0,43.698243,Region Dalarna,,,,,,,,,0.0,,0.0
2020-03-08,0.0,287966.0,43.698243,Region Dalarna,,,,,,,,,0.0,,0.0
2020-03-09,0.0,287966.0,43.698243,Region Dalarna,,,,,,,,,0.0,,0.0
2020-03-10,0.0,287966.0,43.698243,Region Dalarna,,,,,,,,,0.0,,0.0
2020-03-11,0.0,287966.0,43.698243,Region Dalarna,,,,,,,,,0.0,,0.0
2020-03-12,0.0,287966.0,43.698243,Region Dalarna,,,,,,,,,1.0,,0.0
2020-03-13,0.0,287966.0,43.698243,Region Dalarna,,,,,,,,,4.0,,0.0
2020-03-14,0.0,287966.0,43.698243,Region Dalarna,,,,,,,,,5.0,,0.0
2020-03-15,0.0,287966.0,43.698243,Region Dalarna,inf,,,,,,,,5.0,,0.0
2020-03-16,0.0,287966.0,43.698243,Region Dalarna,inf,,,,,,,,5.0,inf,0.0
2020-03-17,0.0,287966.0,43.698243,Region Dalarna,inf,,,,,,,,5.0,inf,0.0
2020-03-18,1.0,287966.0,43.698243,Region Dalarna,2.0,inf,inf,inf,inf,inf,inf,inf,8.0,inf,0.0034726321857441503
2020-03-19,1.0,287966.0,43.698243,Region Dalarna,2.0,1.0,inf,inf,inf,inf,inf,inf,10.0,inf,0.0034726321857441503
2020-03-20,1.0,287966.0,43.698243,Region Dalarna,3.0,1.0,1.0,inf,inf,inf,inf,inf,12.0,inf,0.0034726321857441503
2020-03-21,2.0,287966.0,43.698243,Region Dalarna,2.5,2.0,2.0,2.0,inf,inf,inf,inf,17.0,inf,0.006945264371488301
2020-03-22,2.0,287966.0,43.698243,Region Dalarna,3.5,1.0,2.0,2.0,2.0,inf,inf,inf,17.0,8.0,0.006945264371488301
2020-03-23,3.0,287966.0,43.698243,Region Dalarna,2.6666666666666665,1.5,1.5,3.0,3.0,3.0,inf,inf,22.0,2.5,0.01041789655723245
2020-03-24,5.0,287966.0,43.698243,Region Dalarna,1.6,1.6666666666666667,2.5,2.5,5.0,5.0,5.0,inf,31.0,2.4,0.017363160928720752
2020-03-25,7.0,287966.0,43.698243,Region Dalarna,1.1428571428571428,1.4,2.3333333333333335,3.5,3.5,7.0,7.0,7.0,40.0,3.4,0.024308425300209054
2020-03-26,8.0,287966.0,43.698243,Region Dalarna,1.0,1.1428571428571428,1.6,2.6666666666666665,4.0,4.0,8.0,8.0,53.0,3.4,0.027781057485953203
2020-03-27,8.0,287966.0,43.698243,Region Dalarna,1.125,1.0,1.1428571428571428,1.6,2.6666666666666665,4.0,4.0,8.0,61.0,4.4,0.027781057485953203
2020-03-28,8.0,287966.0,43.698243,Region Dalarna,1.125,1.0,1.0,1.1428571428571428,1.6,2.6666666666666665,4.0,4.0,76.0,3.875,0.027781057485953203
2020-03-29,8.0,287966.0,43.698243,Region Dalarna,1.25,1.0,1.0,1.0,1.1428571428571428,1.6,2.6666666666666665,4.0,82.0,4.0,0.027781057485953203
2020-03-30,9.0,287966.0,43.698243,Region Dalarna,1.2222222222222223,1.125,1.125,1.125,1.125,1.2857142857142858,1.8,3.0,92.0,4.416666666666667,0.03125368967169736
2020-03-31,9.0,287966.0,43.698243,Region Dalarna,1.2222222222222223,1.0,1.125,1.125,1.125,1.125,1.2857142857142858,1.8,97.0,3.588235294117647,0.03125368967169736
2020-04-01,10.0,287966.0,43.698243,Region Dalarna,,1.1111111111111112,1.1111111111111112,1.25,1.25,1.25,1.25,1.4285714285714286,,4.470588235294118,0.034726321857441504
2020-04-02,11.0,287966.0,43.698243,Region Dalarna,,1.1,1.2222222222222223,1.2222222222222223,1.375,1.375,1.375,1.375,,3.727272727272727,0.03819895404318566
2020-04-03,11.0,287966.0,43.698243,Region Dalarna,,1.0,1.1,1.2222222222222223,1.2222222222222223,1.375,1.375,1.375,,2.967741935483871,0.03819895404318566
2020-03-06,0.0,287382.0,43.609346,Region Gävleborg,,,,,,,,,0.0,,0.0
2020-03-07,0.0,287382.0,43.609346,Region Gävleborg,,,,,,,,,2.0,,0.0
2020-03-08,0.0,287382.0,43.609346,Region Gävleborg,,,,,,,,,2.0,,0.0
2020-03-09,0.0,287382.0,43.609346,Region Gävleborg,,,,,,,,,2.0,,0.0
2020-03-10,0.0,287382.0,43.609346,Region Gävleborg,,,,,,,,,2.0,,0.0
2020-03-11,0.0,287382.0,43.609346,Region Gävleborg,,,,,,,,,2.0,,0.0
2020-03-12,0.0,287382.0,43.609346,Region Gävleborg,,,,,,,,,3.0,,0.0
2020-03-13,0.0,287382.0,43.609346,Region Gävleborg,,,,,,,,,5.0,,0.0
2020-03-14,0.0,287382.0,43.609346,Region Gävleborg,,,,,,,,,6.0,,0.0
2020-03-15,0.0,287382.0,43.609346,Region Gävleborg,,,,,,,,,7.0,,0.0
2020-03-16,0.0,287382.0,43.609346,Region Gävleborg,,,,,,,,,7.0,inf,0.0
2020-03-17,0.0,287382.0,43.609346,Region Gävleborg,,,,,,,,,9.0,2.5,0.0
2020-03-18,0.0,287382.0,43.609346,Region Gävleborg,,,,,,,,,13.0,3.0,0.0
2020-03-19,0.0,287382.0,43.609346,Region Gävleborg,inf,,,,,,,,15.0,3.5,0.0
2020-03-20,0.0,287382.0,43.609346,Region Gävleborg,inf,,,,,,,,15.0,3.5,0.0
2020-03-21,0.0,287382.0,43.609346,Region Gävleborg,inf,,,,,,,,20.0,4.5,0.0
2020-03-22,1.0,287382.0,43.609346,Region Gävleborg,3.0,inf,inf,inf,inf,inf,inf,inf,24.0,4.333333333333333,0.0034796890549860463
2020-03-23,2.0,287382.0,43.609346,Region Gävleborg,2.0,2.0,inf,inf,inf,inf,inf,inf,24.0,3.0,0.006959378109972093
2020-03-24,3.0,287382.0,43.609346,Region Gävleborg,1.3333333333333333,1.5,3.0,inf,inf,inf,inf,inf,27.0,2.5,0.010439067164958139
2020-03-25,3.0,287382.0,43.609346,Region Gävleborg,1.3333333333333333,1.0,1.5,3.0,inf,inf,inf,inf,32.0,2.857142857142857,0.010439067164958139
2020-03-26,4.0,287382.0,43.609346,Region Gävleborg,1.5,1.3333333333333333,1.3333333333333333,2.0,4.0,inf,inf,inf,39.0,3.4285714285714284,0.013918756219944185
2020-03-27,4.0,287382.0,43.609346,Region Gävleborg,2.0,1.0,1.3333333333333333,1.3333333333333333,2.0,4.0,inf,inf,44.0,2.6666666666666665,0.013918756219944185
2020-03-28,4.0,287382.0,43.609346,Region Gävleborg,2.0,1.0,1.0,1.3333333333333333,1.3333333333333333,2.0,4.0,inf,53.0,2.076923076923077,0.013918756219944185
2020-03-29,6.0,287382.0,43.609346,Region Gävleborg,1.8333333333333333,1.5,1.5,1.5,2.0,2.0,3.0,6.0,65.0,2.1333333333333333,0.020878134329916278
2020-03-30,8.0,287382.0,43.609346,Region Gävleborg,1.5,1.3333333333333333,2.0,2.0,2.0,2.6666666666666665,2.6666666666666665,4.0,76.0,2.6,0.02783751243988837
2020-03-31,8.0,287382.0,43.609346,Region Gävleborg,1.75,1.0,1.3333333333333333,2.0,2.0,2.0,2.6666666666666665,2.6666666666666665,86.0,2.2,0.02783751243988837
2020-04-01,11.0,287382.0,43.609346,Region Gävleborg,,1.375,1.375,1.8333333333333333,2.75,2.75,2.75,3.6666666666666665,,2.2083333333333335,0.03827657960484651
2020-04-02,12.0,287382.0,43.609346,Region Gävleborg,,1.0909090909090908,1.5,1.5,2.0,3.0,3.0,3.0,,2.7083333333333335,0.041756268659832556
2020-04-03,14.0,287382.0,43.609346,Region Gävleborg,,1.1666666666666667,1.2727272727272727,1.75,1.75,2.3333333333333335,3.5,3.5,,2.814814814814815,0.048715646769804645
2020-03-06,0.0,333848.0,42.233528,Region Halland,,,,,,,,,0.0,,0.0
2020-03-07,0.0,333848.0,42.233528,Region Halland,,,,,,,,,0.0,,0.0
2020-03-08,0.0,333848.0,42.233528,Region Halland,,,,,,,,,0.0,,0.0
2020-03-09,0.0,333848.0,42.233528,Region Halland,,,,,,,,,1.0,,0.0
2020-03-10,0.0,333848.0,42.233528,Region Halland,,,,,,,,,5.0,,0.0
2020-03-11,0.0,333848.0,42.233528,Region Halland,,,,,,,,,6.0,,0.0
2020-03-12,0.0,333848.0,42.233528,Region Halland,,,,,,,,,22.0,,0.0
2020-03-13,0.0,333848.0,42.233528,Region Halland,,,,,,,,,31.0,,0.0
2020-03-14,0.0,333848.0,42.233528,Region Halland,,,,,,,,,40.0,,0.0
2020-03-15,0.0,333848.0,42.233528,Region Halland,,,,,,,,,40.0,,0.0
2020-03-16,0.0,333848.0,42.233528,Region Halland,inf,,,,,,,,42.0,inf,0.0
2020-03-17,0.0,333848.0,42.233528,Region Halland,inf,,,,,,,,43.0,inf,0.0
2020-03-18,0.0,333848.0,42.233528,Region Halland,inf,,,,,,,,46.0,inf,0.0
2020-03-19,1.0,333848.0,42.233528,Region Halland,2.0,inf,inf,inf,inf,inf,inf,inf,48.0,40.0,0.0029953751407826314
2020-03-20,1.0,333848.0,42.233528,Region Halland,3.0,1.0,inf,inf,inf,inf,inf,inf,50.0,8.4,0.0029953751407826314
2020-03-21,1.0,333848.0,42.233528,Region Halland,3.0,1.0,1.0,inf,inf,inf,inf,inf,55.0,7.166666666666667,0.0029953751407826314
2020-03-22,2.0,333848.0,42.233528,Region Halland,2.0,2.0,2.0,2.0,inf,inf,inf,inf,58.0,2.090909090909091,0.005990750281565263
2020-03-23,3.0,333848.0,42.233528,Region Halland,1.6666666666666667,1.5,3.0,3.0,3.0,inf,inf,inf,59.0,1.5483870967741935,0.008986125422347896
2020-03-24,3.0,333848.0,42.233528,Region Halland,2.0,1.0,1.5,3.0,3.0,3.0,inf,inf,63.0,1.25,0.008986125422347896
2020-03-25,4.0,333848.0,42.233528,Region Halland,1.75,1.3333333333333333,1.3333333333333333,2.0,4.0,4.0,4.0,inf,63.0,1.375,0.011981500563130526
2020-03-26,5.0,333848.0,42.233528,Region Halland,1.6,1.25,1.6666666666666667,1.6666666666666667,2.5,5.0,5.0,5.0,70.0,1.380952380952381,0.01497687570391316
2020-03-27,6.0,333848.0,42.233528,Region Halland,1.3333333333333333,1.2,1.5,2.0,2.0,3.0,6.0,6.0,78.0,1.372093023255814,0.01797225084469579
2020-03-28,7.0,333848.0,42.233528,Region Halland,1.1428571428571428,1.1666666666666667,1.4,1.75,2.3333333333333335,2.3333333333333335,3.5,7.0,81.0,1.3695652173913044,0.02096762598547842
2020-03-29,8.0,333848.0,42.233528,Region Halland,1.0,1.1428571428571428,1.3333333333333333,1.6,2.0,2.6666666666666665,2.6666666666666665,4.0,87.0,1.3125,0.02396300112626105
2020-03-30,8.0,333848.0,42.233528,Region Halland,1.25,1.0,1.1428571428571428,1.3333333333333333,1.6,2.0,2.6666666666666665,2.6666666666666665,89.0,1.4,0.02396300112626105
2020-03-31,8.0,333848.0,42.233528,Region Halland,1.25,1.0,1.0,1.1428571428571428,1.3333333333333333,1.6,2.0,2.6666666666666665,94.0,1.4181818181818182,0.02396300112626105
2020-04-01,8.0,333848.0,42.233528,Region Halland,,1.0,1.0,1.0,1.1428571428571428,1.3333333333333333,1.6,2.0,,1.396551724137931,0.02396300112626105
2020-04-02,10.0,333848.0,42.233528,Region Halland,,1.25,1.25,1.25,1.25,1.4285714285714286,1.6666666666666667,2.0,,1.4745762711864407,0.02995375140782632
2020-04-03,10.0,333848.0,42.233528,Region Halland,,1.0,1.25,1.25,1.25,1.25,1.4285714285714286,1.6666666666666667,,1.4126984126984128,0.02995375140782632
2020-03-06,0.0,130810.0,43.222763,Region Jämtland Härjedalen,,,,,,,,,0.0,,0.0
2020-03-07,0.0,130810.0,43.222763,Region Jämtland Härjedalen,,,,,,,,,0.0,,0.0
2020-03-08,0.0,130810.0,43.222763,Region Jämtland Härjedalen,,,,,,,,,0.0,,0.0
2020-03-09,0.0,130810.0,43.222763,Region Jämtland Härjedalen,,,,,,,,,0.0,,0.0
2020-03-10,0.0,130810.0,43.222763,Region Jämtland Härjedalen,,,,,,,,,0.0,,0.0
2020-03-11,0.0,130810.0,43.222763,Region Jämtland Härjedalen,,,,,,,,,0.0,,0.0
2020-03-12,0.0,130810.0,43.222763,Region Jämtland Härjedalen,,,,,,,,,3.0,,0.0
2020-03-13,0.0,130810.0,43.222763,Region Jämtland Härjedalen,,,,,,,,,8.0,,0.0
2020-03-14,0.0,130810.0,43.222763,Region Jämtland Härjedalen,,,,,,,,,11.0,,0.0
2020-03-15,0.0,130810.0,43.222763,Region Jämtland Härjedalen,,,,,,,,,14.0,,0.0
2020-03-16,0.0,130810.0,43.222763,Region Jämtland Härjedalen,,,,,,,,,21.0,inf,0.0
2020-03-17,0.0,130810.0,43.222763,Region Jämtland Härjedalen,,,,,,,,,22.0,inf,0.0
2020-03-18,0.0,130810.0,43.222763,Region Jämtland Härjedalen,,,,,,,,,22.0,inf,0.0
2020-03-19,0.0,130810.0,43.222763,Region Jämtland Härjedalen,,,,,,,,,26.0,inf,0.0
2020-03-20,0.0,130810.0,43.222763,Region Jämtland Härjedalen,,,,,,,,,27.0,inf,0.0
2020-03-21,0.0,130810.0,43.222763,Region Jämtland Härjedalen,,,,,,,,,30.0,inf,0.0
2020-03-22,0.0,130810.0,43.222763,Region Jämtland Härjedalen,,,,,,,,,44.0,7.333333333333333,0.0
2020-03-23,0.0,130810.0,43.222763,Region Jämtland Härjedalen,,,,,,,,,53.0,3.25,0.0
2020-03-24,0.0,130810.0,43.222763,Region Jämtland Härjedalen,inf,,,,,,,,53.0,2.4545454545454546,0.0
2020-03-25,0.0,130810.0,43.222763,Region Jämtland Härjedalen,inf,,,,,,,,57.0,2.142857142857143,0.0
2020-03-26,0.0,130810.0,43.222763,Region Jämtland Härjedalen,inf,,,,,,,,59.0,2.0952380952380953,0.0
2020-03-27,1.0,130810.0,43.222763,Region Jämtland Härjedalen,1.0,inf,inf,inf,inf,inf,inf,inf,66.0,2.409090909090909,0.007644675483525724
2020-03-28,1.0,130810.0,43.222763,Region Jämtland Härjedalen,1.0,1.0,inf,inf,inf,inf,inf,inf,69.0,2.409090909090909,0.007644675483525724
2020-03-29,1.0,130810.0,43.222763,Region Jämtland Härjedalen,1.0,1.0,1.0,inf,inf,inf,inf,inf,77.0,2.1923076923076925,0.007644675483525724
2020-03-30,1.0,130810.0,43.222763,Region Jämtland Härjedalen,1.0,1.0,1.0,1.0,inf,inf,inf,inf,79.0,2.185185185185185,0.007644675483525724
2020-03-31,1.0,130810.0,43.222763,Region Jämtland Härjedalen,2.0,1.0,1.0,1.0,1.0,inf,inf,inf,81.0,2.2,0.007644675483525724
2020-04-01,1.0,130810.0,43.222763,Region Jämtland Härjedalen,,1.0,1.0,1.0,1.0,1.0,inf,inf,,1.5681818181818181,0.007644675483525724
2020-04-02,1.0,130810.0,43.222763,Region Jämtland Härjedalen,,1.0,1.0,1.0,1.0,1.0,1.0,inf,,1.4528301886792452,0.007644675483525724
2020-04-03,2.0,130810.0,43.222763,Region Jämtland Härjedalen,,2.0,2.0,2.0,2.0,2.0,2.0,2.0,,1.490566037735849,0.015289350967051448
2020-03-06,0.0,363599.0,41.432354,Region Jönköpings län,,,,,,,,,0.0,,0.0
2020-03-07,0.0,363599.0,41.432354,Region Jönköpings län,,,,,,,,,0.0,,0.0
2020-03-08,0.0,363599.0,41.432354,Region Jönköpings län,,,,,,,,,0.0,,0.0
2020-03-09,0.0,363599.0,41.432354,Region Jönköpings län,,,,,,,,,2.0,,0.0
2020-03-10,0.0,363599.0,41.432354,Region Jönköpings län,,,,,,,,,8.0,,0.0
2020-03-11,0.0,363599.0,41.432354,Region Jönköpings län,inf,,,,,,,,8.0,,0.0
2020-03-12,0.0,363599.0,41.432354,Region Jönköpings län,inf,,,,,,,,24.0,,0.0
2020-03-13,0.0,363599.0,41.432354,Region Jönköpings län,inf,,,,,,,,31.0,,0.0
2020-03-14,1.0,363599.0,41.432354,Region Jönköpings län,1.0,inf,inf,inf,inf,inf,inf,inf,35.0,,0.0027502825915362806
2020-03-15,1.0,363599.0,41.432354,Region Jönköpings län,1.0,1.0,inf,inf,inf,inf,inf,inf,35.0,,0.0027502825915362806
2020-03-16,1.0,363599.0,41.432354,Region Jönköpings län,1.0,1.0,1.0,inf,inf,inf,inf,inf,39.0,inf,0.0027502825915362806
2020-03-17,1.0,363599.0,41.432354,Region Jönköpings län,1.0,1.0,1.0,1.0,inf,inf,inf,inf,41.0,inf,0.0027502825915362806
2020-03-18,1.0,363599.0,41.432354,Region Jönköpings län,1.0,1.0,1.0,1.0,1.0,inf,inf,inf,42.0,inf,0.0027502825915362806
2020-03-19,1.0,363599.0,41.432354,Region Jönköpings län,1.0,1.0,1.0,1.0,1.0,1.0,inf,inf,44.0,17.5,0.0027502825915362806
2020-03-20,1.0,363599.0,41.432354,Region Jönköpings län,3.0,1.0,1.0,1.0,1.0,1.0,1.0,inf,46.0,4.875,0.0027502825915362806
2020-03-21,1.0,363599.0,41.432354,Region Jönköpings län,5.0,1.0,1.0,1.0,1.0,1.0,1.0,1.0,49.0,5.125,0.0027502825915362806
2020-03-22,1.0,363599.0,41.432354,Region Jönköpings län,6.0,1.0,1.0,1.0,1.0,1.0,1.0,1.0,53.0,1.75,0.0027502825915362806
2020-03-23,3.0,363599.0,41.432354,Region Jönköpings län,2.6666666666666665,3.0,3.0,3.0,3.0,3.0,3.0,3.0,54.0,1.4193548387096775,0.008250847774608841
2020-03-24,5.0,363599.0,41.432354,Region Jönköpings län,1.8,1.6666666666666667,5.0,5.0,5.0,5.0,5.0,5.0,56.0,1.3142857142857143,0.0137514129576814
2020-03-25,6.0,363599.0,41.432354,Region Jönköpings län,1.5,1.2,2.0,6.0,6.0,6.0,6.0,6.0,61.0,1.4,0.016501695549217682
2020-03-26,8.0,363599.0,41.432354,Region Jönköpings län,1.25,1.3333333333333333,1.6,2.6666666666666665,8.0,8.0,8.0,8.0,68.0,1.358974358974359,0.022002260732290245
2020-03-27,9.0,363599.0,41.432354,Region Jönköpings län,1.2222222222222223,1.125,1.5,1.8,3.0,9.0,9.0,9.0,77.0,1.3170731707317074,0.024752543323826523
2020-03-28,9.0,363599.0,41.432354,Region Jönköpings län,1.2222222222222223,1.0,1.125,1.5,1.8,3.0,9.0,9.0,92.0,1.3333333333333333,0.024752543323826523
2020-03-29,10.0,363599.0,41.432354,Region Jönköpings län,1.3,1.1111111111111112,1.1111111111111112,1.25,1.6666666666666667,2.0,3.3333333333333335,10.0,101.0,1.3863636363636365,0.0275028259153628
2020-03-30,11.0,363599.0,41.432354,Region Jönköpings län,1.3636363636363635,1.1,1.2222222222222223,1.2222222222222223,1.375,1.8333333333333333,2.2,3.6666666666666665,109.0,1.4782608695652173,0.030253108506899083
2020-03-31,11.0,363599.0,41.432354,Region Jönköpings län,1.5454545454545454,1.0,1.1,1.2222222222222223,1.2222222222222223,1.375,1.8333333333333333,2.2,124.0,1.5714285714285714,0.030253108506899083
2020-04-01,13.0,363599.0,41.432354,Region Jönköpings län,,1.1818181818181819,1.1818181818181819,1.3,1.4444444444444444,1.4444444444444444,1.625,2.1666666666666665,,1.7358490566037736,0.03575367368997164
2020-04-02,15.0,363599.0,41.432354,Region Jönköpings län,,1.1538461538461537,1.3636363636363635,1.3636363636363635,1.5,1.6666666666666667,1.6666666666666667,1.875,,1.8703703703703705,0.041254238873044205
2020-04-03,17.0,363599.0,41.432354,Region Jönköpings län,,1.1333333333333333,1.3076923076923077,1.5454545454545454,1.5454545454545454,1.7,1.8888888888888888,1.8888888888888888,,1.9464285714285714,0.04675480405611677
2020-03-06,0.0,245446.0,44.083072,Region Kalmar län,,,,,,,,,0.0,,0.0
2020-03-07,0.0,245446.0,44.083072,Region Kalmar län,,,,,,,,,0.0,,0.0
2020-03-08,0.0,245446.0,44.083072,Region Kalmar län,,,,,,,,,0.0,,0.0
2020-03-09,0.0,245446.0,44.083072,Region Kalmar län,,,,,,,,,0.0,,0.0
2020-03-10,0.0,245446.0,44.083072,Region Kalmar län,,,,,,,,,0.0,,0.0
2020-03-11,0.0,245446.0,44.083072,Region Kalmar län,,,,,,,,,1.0,,0.0
2020-03-12,0.0,245446.0,44.083072,Region Kalmar län,,,,,,,,,3.0,,0.0
2020-03-13,0.0,245446.0,44.083072,Region Kalmar län,,,,,,,,,5.0,,0.0
2020-03-14,0.0,245446.0,44.083072,Region Kalmar län,,,,,,,,,5.0,,0.0
2020-03-15,0.0,245446.0,44.083072,Region Kalmar län,,,,,,,,,7.0,,0.0
2020-03-16,0.0,245446.0,44.083072,Region Kalmar län,,,,,,,,,7.0,inf,0.0
2020-03-17,0.0,245446.0,44.083072,Region Kalmar län,,,,,,,,,7.0,inf,0.0
2020-03-18,0.0,245446.0,44.083072,Region Kalmar län,,,,,,,,,7.0,inf,0.0
2020-03-19,0.0,245446.0,44.083072,Region Kalmar län,,,,,,,,,8.0,inf,0.0
2020-03-20,0.0,245446.0,44.083072,Region Kalmar län,,,,,,,,,9.0,inf,0.0
2020-03-21,0.0,245446.0,44.083072,Region Kalmar län,,,,,,,,,10.0,7.0,0.0
2020-03-22,0.0,245446.0,44.083072,Region Kalmar län,,,,,,,,,11.0,2.3333333333333335,0.0
2020-03-23,0.0,245446.0,44.083072,Region Kalmar län,inf,,,,,,,,12.0,1.6,0.0
2020-03-24,0.0,245446.0,44.083072,Region Kalmar län,inf,,,,,,,,15.0,1.8,0.0
2020-03-25,0.0,245446.0,44.083072,Region Kalmar län,inf,,,,,,,,16.0,1.4285714285714286,0.0
2020-03-26,1.0,245446.0,44.083072,Region Kalmar län,1.0,inf,inf,inf,inf,inf,inf,inf,18.0,1.5714285714285714,0.004074215917146745
2020-03-27,1.0,245446.0,44.083072,Region Kalmar län,1.0,1.0,inf,inf,inf,inf,inf,inf,24.0,1.7142857142857142,0.004074215917146745
2020-03-28,1.0,245446.0,44.083072,Region Kalmar län,2.0,1.0,1.0,inf,inf,inf,inf,inf,29.0,2.142857142857143,0.004074215917146745
2020-03-29,1.0,245446.0,44.083072,Region Kalmar län,2.0,1.0,1.0,1.0,inf,inf,inf,inf,30.0,2.0,0.004074215917146745
2020-03-30,1.0,245446.0,44.083072,Region Kalmar län,4.0,1.0,1.0,1.0,1.0,inf,inf,inf,31.0,2.0,0.004074215917146745
2020-03-31,2.0,245446.0,44.083072,Region Kalmar län,2.0,2.0,2.0,2.0,2.0,2.0,inf,inf,34.0,2.4,0.00814843183429349
2020-04-01,2.0,245446.0,44.083072,Region Kalmar län,,1.0,2.0,2.0,2.0,2.0,2.0,inf,,2.6363636363636362,0.00814843183429349
2020-04-02,4.0,245446.0,44.083072,Region Kalmar län,,2.0,2.0,4.0,4.0,4.0,4.0,4.0,,2.5,0.01629686366858698
2020-04-03,4.0,245446.0,44.083072,Region Kalmar län,,1.0,2.0,2.0,4.0,4.0,4.0,4.0,,2.066666666666667,0.01629686366858698
2020-03-06,0.0,201469.0,41.480067,Region Kronoberg,,,,,,,,,0.0,,0.0
2020-03-07,0.0,201469.0,41.480067,Region Kronoberg,,,,,,,,,0.0,,0.0
2020-03-08,0.0,201469.0,41.480067,Region Kronoberg,,,,,,,,,0.0,,0.0
2020-03-09,0.0,201469.0,41.480067,Region Kronoberg,,,,,,,,,0.0,,0.0
2020-03-10,0.0,201469.0,41.480067,Region Kronoberg,,,,,,,,,0.0,,0.0
2020-03-11,0.0,201469.0,41.480067,Region Kronoberg,,,,,,,,,1.0,,0.0
2020-03-12,0.0,201469.0,41.480067,Region Kronoberg,,,,,,,,,8.0,,0.0
2020-03-13,0.0,201469.0,41.480067,Region Kronoberg,,,,,,,,,10.0,,0.0
2020-03-14,0.0,201469.0,41.480067,Region Kronoberg,,,,,,,,,13.0,,0.0
2020-03-15,0.0,201469.0,41.480067,Region Kronoberg,,,,,,,,,14.0,,0.0
2020-03-16,0.0,201469.0,41.480067,Region Kronoberg,,,,,,,,,15.0,inf,0.0
2020-03-17,0.0,201469.0,41.480067,Region Kronoberg,,,,,,,,,15.0,inf,0.0
2020-03-18,0.0,201469.0,41.480067,Region Kronoberg,,,,,,,,,16.0,inf,0.0
2020-03-19,0.0,201469.0,41.480067,Region Kronoberg,,,,,,,,,17.0,inf,0.0
2020-03-20,0.0,201469.0,41.480067,Region Kronoberg,,,,,,,,,18.0,inf,0.0
2020-03-21,0.0,201469.0,41.480067,Region Kronoberg,,,,,,,,,18.0,15.0,0.0
2020-03-22,0.0,201469.0,41.480067,Region Kronoberg,,,,,,,,,18.0,2.0,0.0
2020-03-23,0.0,201469.0,41.480067,Region Kronoberg,,,,,,,,,18.0,1.7,0.0
2020-03-24,0.0,201469.0,41.480067,Region Kronoberg,,,,,,,,,18.0,1.3846153846153846,0.0
2020-03-25,0.0,201469.0,41.480067,Region Kronoberg,,,,,,,,,20.0,1.2857142857142858,0.0
2020-03-26,0.0,201469.0,41.480067,Region Kronoberg,,,,,,,,,21.0,1.2,0.0
2020-03-27,0.0,201469.0,41.480067,Region Kronoberg,,,,,,,,,23.0,1.2,0.0
2020-03-28,0.0,201469.0,41.480067,Region Kronoberg,,,,,,,,,27.0,1.125,0.0
2020-03-29,0.0,201469.0,41.480067,Region Kronoberg,,,,,,,,,29.0,1.1764705882352942,0.0
2020-03-30,0.0,201469.0,41.480067,Region Kronoberg,,,,,,,,,33.0,1.1666666666666667,0.0
2020-03-31,0.0,201469.0,41.480067,Region Kronoberg,,,,,,,,,34.0,1.2777777777777777,0.0
2020-04-01,0.0,201469.0,41.480067,Region Kronoberg,,,,,,,,,,1.5,0.0
2020-04-02,0.0,201469.0,41.480067,Region Kronoberg,,,,,,,,,,1.6111111111111112,0.0
2020-04-03,0.0,201469.0,41.480067,Region Kronoberg,,,,,,,,,,1.8333333333333333,0.0
2020-03-06,0.0,250093.0,44.049614,Region Norrbotten,,,,,,,,,0.0,,0.0
2020-03-07,0.0,250093.0,44.049614,Region Norrbotten,,,,,,,,,0.0,,0.0
2020-03-08,0.0,250093.0,44.049614,Region Norrbotten,,,,,,,,,0.0,,0.0
2020-03-09,0.0,250093.0,44.049614,Region Norrbotten,,,,,,,,,0.0,,0.0
2020-03-10,0.0,250093.0,44.049614,Region Norrbotten,,,,,,,,,1.0,,0.0
2020-03-11,0.0,250093.0,44.049614,Region Norrbotten,,,,,,,,,1.0,,0.0
2020-03-12,0.0,250093.0,44.049614,Region Norrbotten,,,,,,,,,5.0,,0.0
2020-03-13,0.0,250093.0,44.049614,Region Norrbotten,,,,,,,,,5.0,,0.0
2020-03-14,0.0,250093.0,44.049614,Region Norrbotten,,,,,,,,,6.0,,0.0
2020-03-15,0.0,250093.0,44.049614,Region Norrbotten,,,,,,,,,6.0,,0.0
2020-03-16,0.0,250093.0,44.049614,Region Norrbotten,,,,,,,,,6.0,inf,0.0
2020-03-17,0.0,250093.0,44.049614,Region Norrbotten,,,,,,,,,6.0,inf,0.0
2020-03-18,0.0,250093.0,44.049614,Region Norrbotten,,,,,,,,,7.0,inf,0.0
2020-03-19,0.0,250093.0,44.049614,Region Norrbotten,,,,,,,,,7.0,inf,0.0
2020-03-20,1.0,250093.0,44.049614,Region Norrbotten,3.0,,,,,,,,8.0,6.0,0.00399851255333016
2020-03-21,2.0,250093.0,44.049614,Region Norrbotten,2.5,2.0,,,,,,,13.0,6.0,0.00799702510666032
2020-03-22,3.0,250093.0,44.049614,Region Norrbotten,1.6666666666666667,1.5,3.0,,,,,,16.0,1.4,0.011995537659990483
2020-03-23,3.0,250093.0,44.049614,Region Norrbotten,2.3333333333333335,1.0,1.5,3.0,,,,,19.0,1.4,0.011995537659990483
2020-03-24,5.0,250093.0,44.049614,Region Norrbotten,1.4,1.6666666666666667,1.6666666666666667,2.5,5.0,,,,24.0,1.3333333333333333,0.019992562766650807
2020-03-25,5.0,250093.0,44.049614,Region Norrbotten,1.4,1.0,1.6666666666666667,1.6666666666666667,2.5,5.0,,,30.0,2.1666666666666665,0.019992562766650807
2020-03-26,7.0,250093.0,44.049614,Region Norrbotten,1.1428571428571428,1.4,1.4,2.3333333333333335,2.3333333333333335,3.5,7.0,,35.0,2.6666666666666665,0.027989587873311128
2020-03-27,7.0,250093.0,44.049614,Region Norrbotten,1.1428571428571428,1.0,1.4,1.4,2.3333333333333335,2.3333333333333335,3.5,7.0,38.0,3.1666666666666665,0.027989587873311128
2020-03-28,7.0,250093.0,44.049614,Region Norrbotten,1.2857142857142858,1.0,1.0,1.4,1.4,2.3333333333333335,2.3333333333333335,3.5,42.0,3.4285714285714284,0.027989587873311128
2020-03-29,8.0,250093.0,44.049614,Region Norrbotten,1.125,1.1428571428571428,1.1428571428571428,1.1428571428571428,1.6,1.6,2.6666666666666665,2.6666666666666665,46.0,4.285714285714286,0.03198810042664128
2020-03-30,8.0,250093.0,44.049614,Region Norrbotten,1.25,1.0,1.1428571428571428,1.1428571428571428,1.1428571428571428,1.6,1.6,2.6666666666666665,48.0,4.375,0.03198810042664128
2020-03-31,9.0,250093.0,44.049614,Region Norrbotten,1.1111111111111112,1.125,1.125,1.2857142857142858,1.2857142857142858,1.2857142857142858,1.8,1.8,50.0,2.923076923076923,0.03598661297997145
2020-04-01,9.0,250093.0,44.049614,Region Norrbotten,,1.0,1.125,1.125,1.2857142857142858,1.2857142857142858,1.2857142857142858,1.8,,2.625,0.03598661297997145
2020-04-02,10.0,250093.0,44.049614,Region Norrbotten,,1.1111111111111112,1.1111111111111112,1.25,1.25,1.4285714285714286,1.4285714285714286,1.4285714285714286,,2.4210526315789473,0.039985125533301615
2020-04-03,10.0,250093.0,44.049614,Region Norrbotten,,1.0,1.1111111111111112,1.1111111111111112,1.25,1.25,1.4285714285714286,1.4285714285714286,,2.0,0.039985125533301615
2020-03-06,0.0,1377827.0,40.937559,Region Skåne,,,,,,,,,0.0,,0.0
2020-03-07,0.0,1377827.0,40.937559,Region Skåne,inf,,,,,,,,8.0,,0.0
2020-03-08,0.0,1377827.0,40.937559,Region Skåne,inf,,,,,,,,13.0,,0.0
2020-03-09,0.0,1377827.0,40.937559,Region Skåne,inf,,,,,,,,13.0,,0.0
2020-03-10,1.0,1377827.0,40.937559,Region Skåne,1.0,inf,inf,inf,inf,,,,16.0,,0.0007257805225184293
2020-03-11,1.0,1377827.0,40.937559,Region Skåne,3.0,1.0,inf,inf,inf,inf,,,50.0,,0.0007257805225184293
2020-03-12,1.0,1377827.0,40.937559,Region Skåne,4.0,1.0,1.0,inf,inf,inf,inf,,87.0,,0.0007257805225184293
2020-03-13,1.0,1377827.0,40.937559,Region Skåne,5.0,1.0,1.0,1.0,inf,inf,inf,inf,119.0,,0.0007257805225184293
2020-03-14,3.0,1377827.0,40.937559,Region Skåne,1.6666666666666667,3.0,3.0,3.0,3.0,inf,inf,inf,161.0,,0.002177341567555288
2020-03-15,4.0,1377827.0,40.937559,Region Skåne,1.25,1.3333333333333333,4.0,4.0,4.0,4.0,inf,inf,186.0,,0.0029031220900737173
2020-03-16,5.0,1377827.0,40.937559,Region Skåne,1.2,1.25,1.6666666666666667,5.0,5.0,5.0,5.0,inf,190.0,inf,0.003628902612592147
2020-03-17,5.0,1377827.0,40.937559,Region Skåne,1.6,1.0,1.25,1.6666666666666667,5.0,5.0,5.0,5.0,193.0,14.875,0.003628902612592147
2020-03-18,5.0,1377827.0,40.937559,Region Skåne,1.6,1.0,1.0,1.25,1.6666666666666667,5.0,5.0,5.0,199.0,12.384615384615385,0.003628902612592147
2020-03-19,6.0,1377827.0,40.937559,Region Skåne,1.3333333333333333,1.2,1.2,1.2,1.5,2.0,6.0,6.0,207.0,14.307692307692308,0.004354683135110576
2020-03-20,8.0,1377827.0,40.937559,Region Skåne,1.125,1.3333333333333333,1.6,1.6,1.6,2.0,2.6666666666666665,8.0,209.0,11.875,0.005806244180147435
2020-03-21,8.0,1377827.0,40.937559,Region Skåne,1.125,1.0,1.3333333333333333,1.6,1.6,1.6,2.0,2.6666666666666665,214.0,3.86,0.005806244180147435
2020-03-22,8.0,1377827.0,40.937559,Region Skåne,1.125,1.0,1.0,1.3333333333333333,1.6,1.6,1.6,2.0,219.0,2.2873563218390807,0.005806244180147435
2020-03-23,9.0,1377827.0,40.937559,Region Skåne,1.1111111111111112,1.125,1.125,1.125,1.5,1.8,1.8,1.8,222.0,1.7394957983193278,0.006532024702665865
2020-03-24,9.0,1377827.0,40.937559,Region Skåne,1.4444444444444444,1.0,1.125,1.125,1.125,1.5,1.8,1.8,229.0,1.2981366459627328,0.006532024702665865
2020-03-25,9.0,1377827.0,40.937559,Region Skåne,1.5555555555555556,1.0,1.0,1.125,1.125,1.125,1.5,1.8,234.0,1.1505376344086022,0.006532024702665865
2020-03-26,10.0,1377827.0,40.937559,Region Skåne,1.4,1.1111111111111112,1.1111111111111112,1.1111111111111112,1.25,1.25,1.25,1.6666666666666667,247.0,1.1526315789473685,0.007257805225184294
2020-03-27,13.0,1377827.0,40.937559,Region Skåne,1.0769230769230769,1.3,1.4444444444444444,1.4444444444444444,1.4444444444444444,1.625,1.625,1.625,254.0,1.150259067357513,0.009435146792739582
2020-03-28,14.0,1377827.0,40.937559,Region Skåne,1.1428571428571428,1.0769230769230769,1.4,1.5555555555555556,1.5555555555555556,1.5555555555555556,1.75,1.75,264.0,1.150753768844221,0.01016092731525801
2020-03-29,14.0,1377827.0,40.937559,Region Skåne,1.2857142857142858,1.0,1.0769230769230769,1.4,1.5555555555555556,1.5555555555555556,1.5555555555555556,1.75,266.0,1.1304347826086956,0.01016092731525801
2020-03-30,14.0,1377827.0,40.937559,Region Skåne,1.3571428571428572,1.0,1.0,1.0769230769230769,1.4,1.5555555555555556,1.5555555555555556,1.5555555555555556,269.0,1.1818181818181819,0.01016092731525801
2020-03-31,16.0,1377827.0,40.937559,Region Skåne,1.1875,1.1428571428571428,1.1428571428571428,1.1428571428571428,1.2307692307692308,1.6,1.7777777777777777,1.7777777777777777,274.0,1.1869158878504673,0.01161248836029487
2020-04-01,18.0,1377827.0,40.937559,Region Skåne,,1.125,1.2857142857142858,1.2857142857142858,1.2857142857142858,1.3846153846153846,1.8,2.0,,1.2054794520547945,0.01306404940533173
2020-04-02,19.0,1377827.0,40.937559,Region Skåne,,1.0555555555555556,1.1875,1.3571428571428572,1.3571428571428572,1.3571428571428572,1.4615384615384615,1.9,,1.1981981981981982,0.01378982992785016
2020-04-03,19.0,1377827.0,40.937559,Region Skåne,,1.0,1.0555555555555556,1.1875,1.3571428571428572,1.3571428571428572,1.3571428571428572,1.4615384615384615,,1.1746724890829694,0.01378982992785016
2020-03-06,1.0,2377081.0,39.378654,Region Stockholm,3.0,,,,,,,,0.0,,0.000420684023809033
2020-03-07,1.0,2377081.0,39.378654,Region Stockholm,3.0,1.0,,,,,,,36.0,,0.000420684023809033
2020-03-08,3.0,2377081.0,39.378654,Region Stockholm,1.0,3.0,3.0,,,,,,57.0,,0.001262052071427099
2020-03-09,3.0,2377081.0,39.378654,Region Stockholm,1.0,1.0,3.0,3.0,,,,,86.0,,0.001262052071427099
2020-03-10,3.0,2377081.0,39.378654,Region Stockholm,1.3333333333333333,1.0,1.0,3.0,3.0,,,,150.0,,0.001262052071427099
2020-03-11,3.0,2377081.0,39.378654,Region Stockholm,2.0,1.0,1.0,1.0,3.0,3.0,,,176.0,,0.001262052071427099
2020-03-12,3.0,2377081.0,39.378654,Region Stockholm,3.6666666666666665,1.0,1.0,1.0,1.0,3.0,3.0,,208.0,,0.001262052071427099
2020-03-13,4.0,2377081.0,39.378654,Region Stockholm,3.25,1.3333333333333333,1.3333333333333333,1.3333333333333333,1.3333333333333333,1.3333333333333333,4.0,4.0,250.0,,0.001682736095236132
2020-03-14,6.0,2377081.0,39.378654,Region Stockholm,2.5,1.5,2.0,2.0,2.0,2.0,2.0,6.0,281.0,,0.002524104142854198
2020-03-15,11.0,2377081.0,39.378654,Region Stockholm,2.090909090909091,1.8333333333333333,2.75,3.6666666666666665,3.6666666666666665,3.6666666666666665,3.6666666666666665,3.6666666666666665,299.0,,0.004627524261899363
2020-03-16,13.0,2377081.0,39.378654,Region Stockholm,2.0,1.1818181818181819,2.1666666666666665,3.25,4.333333333333333,4.333333333333333,4.333333333333333,4.333333333333333,316.0,inf,0.0054688923095174286
2020-03-17,15.0,2377081.0,39.378654,Region Stockholm,2.4,1.1538461538461537,1.3636363636363635,2.5,3.75,5.0,5.0,5.0,350.0,6.944444444444445,0.0063102603571354955
2020-03-18,23.0,2377081.0,39.378654,Region Stockholm,1.6521739130434783,1.5333333333333334,1.7692307692307692,2.090909090909091,3.8333333333333335,5.75,7.666666666666667,7.666666666666667,385.0,4.9298245614035086,0.009675732547607759
2020-03-19,26.0,2377081.0,39.378654,Region Stockholm,1.7307692307692308,1.1304347826086956,1.7333333333333334,2.0,2.3636363636363638,4.333333333333333,6.5,8.666666666666666,443.0,3.4767441860465116,0.010937784619034857
2020-03-20,36.0,2377081.0,39.378654,Region Stockholm,1.8055555555555556,1.3846153846153846,1.565217391304348,2.4,2.769230769230769,3.272727272727273,6.0,9.0,509.0,2.1066666666666665,0.01514462485712519
2020-03-21,38.0,2377081.0,39.378654,Region Stockholm,2.0526315789473686,1.0555555555555556,1.4615384615384615,1.6521739130434783,2.533333333333333,2.923076923076923,3.4545454545454546,6.333333333333333,590.0,1.9886363636363635,0.015985992904743253
2020-03-22,45.0,2377081.0,39.378654,Region Stockholm,2.022222222222222,1.1842105263157894,1.25,1.7307692307692308,1.9565217391304348,3.0,3.4615384615384617,4.090909090909091,661.0,1.8509615384615385,0.018930781071406486
2020-03-23,65.0,2377081.0,39.378654,Region Stockholm,1.646153846153846,1.4444444444444444,1.7105263157894737,1.8055555555555556,2.5,2.8260869565217392,4.333333333333333,5.0,720.0,1.772,0.027344461547587146
2020-03-24,78.0,2377081.0,39.378654,Region Stockholm,1.5256410256410255,1.2,1.7333333333333334,2.0526315789473686,2.1666666666666665,3.0,3.391304347826087,5.2,820.0,1.811387900355872,0.03281335385710457
2020-03-25,91.0,2377081.0,39.378654,Region Stockholm,1.4615384615384615,1.1666666666666667,1.4,2.022222222222222,2.3947368421052633,2.5277777777777777,3.5,3.9565217391304346,924.0,1.9732441471571907,0.038282246166622
2020-03-26,107.0,2377081.0,39.378654,Region Stockholm,1.3738317757009346,1.1758241758241759,1.3717948717948718,1.646153846153846,2.3777777777777778,2.8157894736842106,2.9722222222222223,4.115384615384615,1078.0,2.0917721518987342,0.045013190547566535
2020-03-27,119.0,2377081.0,39.378654,Region Stockholm,1.3697478991596639,1.1121495327102804,1.3076923076923077,1.5256410256410255,1.8307692307692307,2.6444444444444444,3.1315789473684212,3.3055555555555554,1209.0,2.057142857142857,0.05006139883327493
2020-03-28,133.0,2377081.0,39.378654,Region Stockholm,1.3233082706766917,1.1176470588235294,1.2429906542056075,1.4615384615384615,1.705128205128205,2.046153846153846,2.9555555555555557,3.5,1385.0,2.1298701298701297,0.05595097516660139
2020-03-29,147.0,2377081.0,39.378654,Region Stockholm,1.2993197278911566,1.105263157894737,1.2352941176470589,1.3738317757009346,1.6153846153846154,1.8846153846153846,2.2615384615384615,3.2666666666666666,1530.0,2.0857787810383748,0.06184055149992786
2020-03-30,163.0,2377081.0,39.378654,Region Stockholm,1.294478527607362,1.1088435374149659,1.2255639097744362,1.3697478991596639,1.5233644859813085,1.7912087912087913,2.08974358974359,2.5076923076923077,1680.0,2.117878192534381,0.06857149588087239
2020-03-31,176.0,2377081.0,39.378654,Region Stockholm,1.3011363636363635,1.0797546012269938,1.1972789115646258,1.3233082706766917,1.4789915966386555,1.644859813084112,1.934065934065934,2.2564102564102564,1846.0,2.049152542372881,0.07404038819038981
2020-04-01,191.0,2377081.0,39.378654,Region Stockholm,,1.0852272727272727,1.1717791411042944,1.2993197278911566,1.4360902255639099,1.6050420168067228,1.7850467289719627,2.098901098901099,,2.0953101361573374,0.08035064854752531
2020-04-02,211.0,2377081.0,39.378654,Region Stockholm,,1.1047120418848169,1.1988636363636365,1.294478527607362,1.435374149659864,1.586466165413534,1.773109243697479,1.97196261682243,,2.125,0.08876432902370597
2020-04-03,229.0,2377081.0,39.378654,Region Stockholm,,1.085308056872038,1.198952879581152,1.3011363636363635,1.4049079754601228,1.5578231292517006,1.7218045112781954,1.9243697478991597,,2.048780487804878,0.09633664145226856
2020-03-06,0.0,297540.0,42.370851,Region Sörmland,,,,,,,,,0.0,,0.0
2020-03-07,0.0,297540.0,42.370851,Region Sörmland,,,,,,,,,0.0,,0.0
2020-03-08,0.0,297540.0,42.370851,Region Sörmland,,,,,,,,,0.0,,0.0
2020-03-09,0.0,297540.0,42.370851,Region Sörmland,inf,,,,,,,,0.0,,0.0
2020-03-10,0.0,297540.0,42.370851,Region Sörmland,inf,,,,,,,,1.0,,0.0
2020-03-11,0.0,297540.0,42.370851,Region Sörmland,inf,,,,,,,,1.0,,0.0
2020-03-12,1.0,297540.0,42.370851,Region Sörmland,2.0,inf,inf,inf,inf,inf,inf,,7.0,,0.0033608926530886603
2020-03-13,1.0,297540.0,42.370851,Region Sörmland,2.0,1.0,inf,inf,inf,inf,inf,inf,10.0,,0.0033608926530886603
2020-03-14,1.0,297540.0,42.370851,Region Sörmland,2.0,1.0,1.0,inf,inf,inf,inf,inf,16.0,,0.0033608926530886603
2020-03-15,2.0,297540.0,42.370851,Region Sörmland,1.0,2.0,2.0,2.0,inf,inf,inf,inf,17.0,,0.0067217853061773206
2020-03-16,2.0,297540.0,42.370851,Region Sörmland,1.0,1.0,2.0,2.0,2.0,inf,inf,inf,21.0,inf,0.0067217853061773206
2020-03-17,2.0,297540.0,42.370851,Region Sörmland,2.0,1.0,1.0,2.0,2.0,2.0,inf,inf,33.0,inf,0.0067217853061773206
2020-03-18,2.0,297540.0,42.370851,Region Sörmland,3.5,1.0,1.0,1.0,2.0,2.0,2.0,inf,38.0,inf,0.0067217853061773206
2020-03-19,2.0,297540.0,42.370851,Region Sörmland,5.0,1.0,1.0,1.0,1.0,2.0,2.0,2.0,38.0,inf,0.0067217853061773206
2020-03-20,4.0,297540.0,42.370851,Region Sörmland,3.0,2.0,2.0,2.0,2.0,2.0,4.0,4.0,43.0,21.0,0.013443570612354641
2020-03-21,7.0,297540.0,42.370851,Region Sörmland,2.5714285714285716,1.75,3.5,3.5,3.5,3.5,3.5,7.0,47.0,33.0,0.023526248571620622
2020-03-22,10.0,297540.0,42.370851,Region Sörmland,2.0,1.4285714285714286,2.5,5.0,5.0,5.0,5.0,5.0,53.0,5.428571428571429,0.0336089265308866
2020-03-23,12.0,297540.0,42.370851,Region Sörmland,1.8333333333333333,1.2,1.7142857142857142,3.0,6.0,6.0,6.0,6.0,64.0,3.8,0.04033071183706392
2020-03-24,18.0,297540.0,42.370851,Region Sörmland,1.3333333333333333,1.5,1.8,2.5714285714285716,4.5,9.0,9.0,9.0,66.0,2.6875,0.060496067755595885
2020-03-25,20.0,297540.0,42.370851,Region Sörmland,1.35,1.1111111111111112,1.6666666666666667,2.0,2.857142857142857,5.0,10.0,10.0,80.0,2.764705882352941,0.0672178530617732
2020-03-26,22.0,297540.0,42.370851,Region Sörmland,1.3636363636363635,1.1,1.2222222222222223,1.8333333333333333,2.2,3.142857142857143,5.5,11.0,117.0,2.5238095238095237,0.07393963836795052
2020-03-27,24.0,297540.0,42.370851,Region Sörmland,1.375,1.0909090909090908,1.2,1.3333333333333333,2.0,2.4,3.4285714285714284,6.0,133.0,1.9393939393939394,0.08066142367412785
2020-03-28,27.0,297540.0,42.370851,Region Sörmland,1.3703703703703705,1.125,1.2272727272727273,1.35,1.5,2.25,2.7,3.857142857142857,159.0,1.736842105263158,0.09074410163339382
2020-03-29,30.0,297540.0,42.370851,Region Sörmland,1.3333333333333333,1.1111111111111112,1.25,1.3636363636363635,1.5,1.6666666666666667,2.5,3.0,168.0,2.1052631578947367,0.10082677959265982
2020-03-30,33.0,297540.0,42.370851,Region Sörmland,1.2727272727272727,1.1,1.2222222222222223,1.375,1.5,1.65,1.8333333333333333,2.75,172.0,2.7209302325581395,0.1109094575519258
2020-03-31,37.0,297540.0,42.370851,Region Sörmland,1.2162162162162162,1.121212121212121,1.2333333333333334,1.3703703703703705,1.5416666666666667,1.6818181818181819,1.85,2.0555555555555554,232.0,2.8297872340425534,0.12435302816428043
2020-04-01,40.0,297540.0,42.370851,Region Sörmland,,1.0810810810810811,1.2121212121212122,1.3333333333333333,1.4814814814814814,1.6666666666666667,1.8181818181818181,2.0,,3.0,0.1344357061235464
2020-04-02,42.0,297540.0,42.370851,Region Sörmland,,1.05,1.135135135135135,1.2727272727272727,1.4,1.5555555555555556,1.75,1.9090909090909092,,2.625,0.14115749142972372
2020-04-03,45.0,297540.0,42.370851,Region Sörmland,,1.0714285714285714,1.125,1.2162162162162162,1.3636363636363635,1.5,1.6666666666666667,1.875,,2.606060606060606,0.15124016938898974
2020-03-06,0.0,383713.0,40.103728,Region Uppsala,,,,,,,,,0.0,,0.0
2020-03-07,0.0,383713.0,40.103728,Region Uppsala,,,,,,,,,1.0,,0.0
2020-03-08,0.0,383713.0,40.103728,Region Uppsala,,,,,,,,,2.0,,0.0
2020-03-09,0.0,383713.0,40.103728,Region Uppsala,,,,,,,,,3.0,,0.0
2020-03-10,0.0,383713.0,40.103728,Region Uppsala,,,,,,,,,3.0,,0.0
2020-03-11,0.0,383713.0,40.103728,Region Uppsala,,,,,,,,,7.0,,0.0
2020-03-12,0.0,383713.0,40.103728,Region Uppsala,,,,,,,,,11.0,,0.0
2020-03-13,1.0,383713.0,40.103728,Region Uppsala,1.0,,,,,,,,22.0,,0.002606114465759565
2020-03-14,1.0,383713.0,40.103728,Region Uppsala,1.0,1.0,,,,,,,32.0,,0.002606114465759565
2020-03-15,1.0,383713.0,40.103728,Region Uppsala,2.0,1.0,1.0,,,,,,36.0,,0.002606114465759565
2020-03-16,1.0,383713.0,40.103728,Region Uppsala,2.0,1.0,1.0,1.0,,,,,36.0,inf,0.002606114465759565
2020-03-17,1.0,383713.0,40.103728,Region Uppsala,2.0,1.0,1.0,1.0,1.0,,,,38.0,22.0,0.002606114465759565
2020-03-18,2.0,383713.0,40.103728,Region Uppsala,1.0,2.0,2.0,2.0,2.0,2.0,,,43.0,16.0,0.00521222893151913
2020-03-19,2.0,383713.0,40.103728,Region Uppsala,1.5,1.0,2.0,2.0,2.0,2.0,2.0,,60.0,12.0,0.00521222893151913
2020-03-20,2.0,383713.0,40.103728,Region Uppsala,2.5,1.0,1.0,2.0,2.0,2.0,2.0,2.0,65.0,12.0,0.00521222893151913
2020-03-21,2.0,383713.0,40.103728,Region Uppsala,3.0,1.0,1.0,1.0,2.0,2.0,2.0,2.0,66.0,5.428571428571429,0.00521222893151913
2020-03-22,3.0,383713.0,40.103728,Region Uppsala,2.6666666666666665,1.5,1.5,1.5,1.5,3.0,3.0,3.0,68.0,3.909090909090909,0.007818343397278694
2020-03-23,5.0,383713.0,40.103728,Region Uppsala,1.8,1.6666666666666667,2.5,2.5,2.5,2.5,5.0,5.0,73.0,2.727272727272727,0.013030572328797826
2020-03-24,6.0,383713.0,40.103728,Region Uppsala,1.5,1.2,2.0,3.0,3.0,3.0,3.0,6.0,80.0,2.03125,0.01563668679455739
2020-03-25,8.0,383713.0,40.103728,Region Uppsala,1.125,1.3333333333333333,1.6,2.6666666666666665,4.0,4.0,4.0,4.0,91.0,1.8333333333333333,0.02084891572607652
2020-03-26,9.0,383713.0,40.103728,Region Uppsala,1.2222222222222223,1.125,1.5,1.8,3.0,4.5,4.5,4.5,106.0,1.8888888888888888,0.023455030191836087
2020-03-27,9.0,383713.0,40.103728,Region Uppsala,1.5555555555555556,1.0,1.125,1.5,1.8,3.0,4.5,4.5,118.0,1.9210526315789473,0.023455030191836087
2020-03-28,9.0,383713.0,40.103728,Region Uppsala,1.6666666666666667,1.0,1.0,1.125,1.5,1.8,3.0,4.5,138.0,1.8604651162790697,0.023455030191836087
2020-03-29,11.0,383713.0,40.103728,Region Uppsala,1.4545454545454546,1.2222222222222223,1.2222222222222223,1.2222222222222223,1.375,1.8333333333333333,2.2,3.6666666666666665,145.0,1.5166666666666666,0.02866725912335522
2020-03-30,14.0,383713.0,40.103728,Region Uppsala,1.4285714285714286,1.2727272727272727,1.5555555555555556,1.5555555555555556,1.5555555555555556,1.75,2.3333333333333335,2.8,156.0,1.6307692307692307,0.03648560252063391
2020-03-31,15.0,383713.0,40.103728,Region Uppsala,1.5333333333333334,1.0714285714285714,1.3636363636363635,1.6666666666666667,1.6666666666666667,1.6666666666666667,1.875,2.5,178.0,1.7878787878787878,0.03909171698639348
2020-04-01,16.0,383713.0,40.103728,Region Uppsala,,1.0666666666666667,1.1428571428571428,1.4545454545454546,1.7777777777777777,1.7777777777777777,1.7777777777777777,2.0,,2.0294117647058822,0.04169783145215304
2020-04-02,20.0,383713.0,40.103728,Region Uppsala,,1.25,1.3333333333333333,1.4285714285714286,1.8181818181818181,2.2222222222222223,2.2222222222222223,2.2222222222222223,,1.9863013698630136,0.052122289315191306
2020-04-03,23.0,383713.0,40.103728,Region Uppsala,,1.15,1.4375,1.5333333333333334,1.6428571428571428,2.090909090909091,2.5555555555555554,2.5555555555555554,,1.95,0.05994063271246999
2020-03-06,0.0,282414.0,43.681182,Region Värmland,,,,,,,,,0.0,,0.0
2020-03-07,0.0,282414.0,43.681182,Region Värmland,inf,,,,,,,,11.0,,0.0
2020-03-08,0.0,282414.0,43.681182,Region Värmland,inf,,,,,,,,11.0,,0.0
2020-03-09,0.0,282414.0,43.681182,Region Värmland,inf,,,,,,,,11.0,,0.0
2020-03-10,1.0,282414.0,43.681182,Region Värmland,1.0,inf,inf,inf,inf,,,,18.0,,0.003540900946836913
2020-03-11,1.0,282414.0,43.681182,Region Värmland,1.0,1.0,inf,inf,inf,inf,,,21.0,,0.003540900946836913
2020-03-12,1.0,282414.0,43.681182,Region Värmland,1.0,1.0,1.0,inf,inf,inf,inf,,23.0,,0.003540900946836913
2020-03-13,1.0,282414.0,43.681182,Region Värmland,1.0,1.0,1.0,1.0,inf,inf,inf,inf,27.0,,0.003540900946836913
2020-03-14,1.0,282414.0,43.681182,Region Värmland,2.0,1.0,1.0,1.0,1.0,inf,inf,inf,30.0,,0.003540900946836913
2020-03-15,1.0,282414.0,43.681182,Region Värmland,2.0,1.0,1.0,1.0,1.0,1.0,inf,inf,31.0,,0.003540900946836913
2020-03-16,1.0,282414.0,43.681182,Region Värmland,2.0,1.0,1.0,1.0,1.0,1.0,1.0,inf,32.0,inf,0.003540900946836913
2020-03-17,2.0,282414.0,43.681182,Region Värmland,1.0,2.0,2.0,2.0,2.0,2.0,2.0,2.0,34.0,2.4545454545454546,0.007081801893673826
2020-03-18,2.0,282414.0,43.681182,Region Värmland,1.0,1.0,2.0,2.0,2.0,2.0,2.0,2.0,35.0,2.727272727272727,0.007081801893673826
2020-03-19,2.0,282414.0,43.681182,Region Värmland,1.5,1.0,1.0,2.0,2.0,2.0,2.0,2.0,36.0,2.8181818181818183,0.007081801893673826
2020-03-20,2.0,282414.0,43.681182,Region Värmland,2.0,1.0,1.0,1.0,2.0,2.0,2.0,2.0,36.0,1.7777777777777777,0.007081801893673826
2020-03-21,2.0,282414.0,43.681182,Region Värmland,2.0,1.0,1.0,1.0,1.0,2.0,2.0,2.0,38.0,1.619047619047619,0.007081801893673826
2020-03-22,3.0,282414.0,43.681182,Region Värmland,1.3333333333333333,1.5,1.5,1.5,1.5,1.5,3.0,3.0,39.0,1.5217391304347827,0.010622702840510739
2020-03-23,4.0,282414.0,43.681182,Region Värmland,1.0,1.3333333333333333,2.0,2.0,2.0,2.0,2.0,4.0,40.0,1.3333333333333333,0.014163603787347653
2020-03-24,4.0,282414.0,43.681182,Region Värmland,1.0,1.0,1.3333333333333333,2.0,2.0,2.0,2.0,2.0,42.0,1.2,0.014163603787347653
2020-03-25,4.0,282414.0,43.681182,Region Värmland,1.0,1.0,1.0,1.3333333333333333,2.0,2.0,2.0,2.0,45.0,1.2258064516129032,0.014163603787347653
2020-03-26,4.0,282414.0,43.681182,Region Värmland,1.0,1.0,1.0,1.0,1.3333333333333333,2.0,2.0,2.0,45.0,1.21875,0.014163603787347653
2020-03-27,4.0,282414.0,43.681182,Region Värmland,1.0,1.0,1.0,1.0,1.0,1.3333333333333333,2.0,2.0,45.0,1.1764705882352942,0.014163603787347653
2020-03-28,4.0,282414.0,43.681182,Region Värmland,1.0,1.0,1.0,1.0,1.0,1.0,1.3333333333333333,2.0,46.0,1.2,0.014163603787347653
2020-03-29,4.0,282414.0,43.681182,Region Värmland,1.0,1.0,1.0,1.0,1.0,1.0,1.0,1.3333333333333333,48.0,1.25,0.014163603787347653
2020-03-30,4.0,282414.0,43.681182,Region Värmland,1.0,1.0,1.0,1.0,1.0,1.0,1.0,1.0,49.0,1.25,0.014163603787347653
2020-03-31,4.0,282414.0,43.681182,Region Värmland,1.25,1.0,1.0,1.0,1.0,1.0,1.0,1.0,50.0,1.1842105263157894,0.014163603787347653
2020-04-01,4.0,282414.0,43.681182,Region Värmland,,1.0,1.0,1.0,1.0,1.0,1.0,1.0,,1.1794871794871795,0.014163603787347653
2020-04-02,4.0,282414.0,43.681182,Region Värmland,,1.0,1.0,1.0,1.0,1.0,1.0,1.0,,1.2,0.014163603787347653
2020-04-03,5.0,282414.0,43.681182,Region Värmland,,1.25,1.25,1.25,1.25,1.25,1.25,1.25,,1.1666666666666667,0.017704504734184563
2020-03-06,0.0,271736.0,41.752542,Region Västerbotten,,,,,,,,,0.0,,0.0
2020-03-07,0.0,271736.0,41.752542,Region Västerbotten,,,,,,,,,0.0,,0.0
2020-03-08,0.0,271736.0,41.752542,Region Västerbotten,,,,,,,,,0.0,,0.0
2020-03-09,0.0,271736.0,41.752542,Region Västerbotten,,,,,,,,,0.0,,0.0
2020-03-10,0.0,271736.0,41.752542,Region Västerbotten,,,,,,,,,0.0,,0.0
2020-03-11,0.0,271736.0,41.752542,Region Västerbotten,,,,,,,,,8.0,,0.0
2020-03-12,0.0,271736.0,41.752542,Region Västerbotten,,,,,,,,,8.0,,0.0
2020-03-13,0.0,271736.0,41.752542,Region Västerbotten,,,,,,,,,9.0,,0.0
2020-03-14,0.0,271736.0,41.752542,Region Västerbotten,,,,,,,,,9.0,,0.0
2020-03-15,0.0,271736.0,41.752542,Region Västerbotten,inf,,,,,,,,12.0,,0.0
2020-03-16,0.0,271736.0,41.752542,Region Västerbotten,inf,,,,,,,,13.0,inf,0.0
2020-03-17,0.0,271736.0,41.752542,Region Västerbotten,inf,,,,,,,,15.0,inf,0.0
2020-03-18,1.0,271736.0,41.752542,Region Västerbotten,2.0,inf,inf,inf,inf,inf,inf,inf,19.0,inf,0.00368004239408838
2020-03-19,1.0,271736.0,41.752542,Region Västerbotten,3.0,1.0,inf,inf,inf,inf,inf,inf,22.0,inf,0.00368004239408838
2020-03-20,1.0,271736.0,41.752542,Region Västerbotten,3.0,1.0,1.0,inf,inf,inf,inf,inf,24.0,inf,0.00368004239408838
2020-03-21,2.0,271736.0,41.752542,Region Västerbotten,1.5,2.0,2.0,2.0,inf,inf,inf,inf,29.0,1.875,0.00736008478817676
2020-03-22,3.0,271736.0,41.752542,Region Västerbotten,1.0,1.5,3.0,3.0,3.0,inf,inf,inf,29.0,2.375,0.011040127182265139
2020-03-23,3.0,271736.0,41.752542,Region Västerbotten,1.3333333333333333,1.0,1.5,3.0,3.0,3.0,inf,inf,30.0,2.4444444444444446,0.011040127182265139
2020-03-24,3.0,271736.0,41.752542,Region Västerbotten,1.6666666666666667,1.0,1.0,1.5,3.0,3.0,3.0,inf,30.0,2.6666666666666665,0.011040127182265139
2020-03-25,3.0,271736.0,41.752542,Region Västerbotten,1.6666666666666667,1.0,1.0,1.0,1.5,3.0,3.0,3.0,33.0,2.4166666666666665,0.011040127182265139
2020-03-26,4.0,271736.0,41.752542,Region Västerbotten,1.25,1.3333333333333333,1.3333333333333333,1.3333333333333333,1.3333333333333333,2.0,4.0,4.0,37.0,2.230769230769231,0.01472016957635352
2020-03-27,5.0,271736.0,41.752542,Region Västerbotten,1.0,1.25,1.6666666666666667,1.6666666666666667,1.6666666666666667,1.6666666666666667,2.5,5.0,40.0,2.0,0.0184002119704419
2020-03-28,5.0,271736.0,41.752542,Region Västerbotten,1.0,1.0,1.25,1.6666666666666667,1.6666666666666667,1.6666666666666667,1.6666666666666667,2.5,42.0,1.5789473684210527,0.0184002119704419
2020-03-29,5.0,271736.0,41.752542,Region Västerbotten,1.2,1.0,1.0,1.25,1.6666666666666667,1.6666666666666667,1.6666666666666667,1.6666666666666667,47.0,1.5,0.0184002119704419
2020-03-30,5.0,271736.0,41.752542,Region Västerbotten,1.6,1.0,1.0,1.0,1.25,1.6666666666666667,1.6666666666666667,1.6666666666666667,48.0,1.5416666666666667,0.0184002119704419
2020-03-31,5.0,271736.0,41.752542,Region Västerbotten,1.8,1.0,1.0,1.0,1.0,1.25,1.6666666666666667,1.6666666666666667,55.0,1.3793103448275863,0.0184002119704419
2020-04-01,6.0,271736.0,41.752542,Region Västerbotten,,1.2,1.2,1.2,1.2,1.2,1.5,2.0,,1.4482758620689655,0.022080254364530278
2020-04-02,8.0,271736.0,41.752542,Region Västerbotten,,1.3333333333333333,1.6,1.6,1.6,1.6,1.6,2.0,,1.5666666666666667,0.02944033915270704
2020-04-03,9.0,271736.0,41.752542,Region Västerbotten,,1.125,1.5,1.8,1.8,1.8,1.8,1.8,,1.6,0.03312038154679542
2020-03-06,0.0,245347.0,43.770623,Region Västernorrland,,,,,,,,,0.0,,0.0
2020-03-07,0.0,245347.0,43.770623,Region Västernorrland,,,,,,,,,0.0,,0.0
2020-03-08,0.0,245347.0,43.770623,Region Västernorrland,,,,,,,,,0.0,,0.0
2020-03-09,0.0,245347.0,43.770623,Region Västernorrland,,,,,,,,,0.0,,0.0
2020-03-10,0.0,245347.0,43.770623,Region Västernorrland,,,,,,,,,0.0,,0.0
2020-03-11,0.0,245347.0,43.770623,Region Västernorrland,,,,,,,,,6.0,,0.0
2020-03-12,0.0,245347.0,43.770623,Region Västernorrland,,,,,,,,,6.0,,0.0
2020-03-13,0.0,245347.0,43.770623,Region Västernorrland,,,,,,,,,9.0,,0.0
2020-03-14,0.0,245347.0,43.770623,Region Västernorrland,,,,,,,,,11.0,,0.0
2020-03-15,0.0,245347.0,43.770623,Region Västernorrland,,,,,,,,,11.0,,0.0
2020-03-16,0.0,245347.0,43.770623,Region Västernorrland,,,,,,,,,11.0,inf,0.0
2020-03-17,0.0,245347.0,43.770623,Region Västernorrland,,,,,,,,,12.0,inf,0.0
2020-03-18,0.0,245347.0,43.770623,Region Västernorrland,,,,,,,,,13.0,inf,0.0
2020-03-19,0.0,245347.0,43.770623,Region Västernorrland,inf,,,,,,,,14.0,inf,0.0
2020-03-20,0.0,245347.0,43.770623,Region Västernorrland,inf,,,,,,,,14.0,inf,0.0
2020-03-21,0.0,245347.0,43.770623,Region Västernorrland,inf,,,,,,,,14.0,2.0,0.0
2020-03-22,1.0,245347.0,43.770623,Region Västernorrland,2.0,inf,inf,inf,inf,inf,inf,inf,14.0,2.1666666666666665,0.0040758599045433615
2020-03-23,1.0,245347.0,43.770623,Region Västernorrland,2.0,1.0,inf,inf,inf,inf,inf,inf,14.0,1.5555555555555556,0.0040758599045433615
2020-03-24,2.0,245347.0,43.770623,Region Västernorrland,1.0,2.0,2.0,inf,inf,inf,inf,inf,16.0,1.2727272727272727,0.008151719809086723
2020-03-25,2.0,245347.0,43.770623,Region Västernorrland,1.0,1.0,2.0,2.0,inf,inf,inf,inf,18.0,1.2727272727272727,0.008151719809086723
2020-03-26,2.0,245347.0,43.770623,Region Västernorrland,1.5,1.0,1.0,2.0,2.0,inf,inf,inf,20.0,1.2727272727272727,0.008151719809086723
2020-03-27,2.0,245347.0,43.770623,Region Västernorrland,1.5,1.0,1.0,1.0,2.0,2.0,inf,inf,23.0,1.1666666666666667,0.008151719809086723
2020-03-28,2.0,245347.0,43.770623,Region Västernorrland,1.5,1.0,1.0,1.0,1.0,2.0,2.0,inf,25.0,1.2307692307692308,0.008151719809086723
2020-03-29,3.0,245347.0,43.770623,Region Västernorrland,1.3333333333333333,1.5,1.5,1.5,1.5,1.5,3.0,3.0,27.0,1.2857142857142858,0.012227579713630083
2020-03-30,3.0,245347.0,43.770623,Region Västernorrland,1.6666666666666667,1.0,1.5,1.5,1.5,1.5,1.5,3.0,36.0,1.4285714285714286,0.012227579713630083
2020-03-31,3.0,245347.0,43.770623,Region Västernorrland,1.6666666666666667,1.0,1.0,1.5,1.5,1.5,1.5,1.5,42.0,1.6428571428571428,0.012227579713630083
2020-04-01,4.0,245347.0,43.770623,Region Västernorrland,,1.3333333333333333,1.3333333333333333,1.3333333333333333,2.0,2.0,2.0,2.0,,1.7857142857142858,0.016303439618173446
2020-04-02,5.0,245347.0,43.770623,Region Västernorrland,,1.25,1.6666666666666667,1.6666666666666667,1.6666666666666667,2.5,2.5,2.5,,1.9285714285714286,0.020379299522716804
2020-04-03,5.0,245347.0,43.770623,Region Västernorrland,,1.0,1.25,1.6666666666666667,1.6666666666666667,1.6666666666666667,2.5,2.5,,2.25,0.020379299522716804
2020-03-06,0.0,275845.0,42.205487,Region Västmanland,,,,,,,,,0.0,,0.0
2020-03-07,0.0,275845.0,42.205487,Region Västmanland,,,,,,,,,0.0,,0.0
2020-03-08,0.0,275845.0,42.205487,Region Västmanland,,,,,,,,,0.0,,0.0
2020-03-09,0.0,275845.0,42.205487,Region Västmanland,,,,,,,,,0.0,,0.0
2020-03-10,0.0,275845.0,42.205487,Region Västmanland,,,,,,,,,0.0,,0.0
2020-03-11,0.0,275845.0,42.205487,Region Västmanland,,,,,,,,,0.0,,0.0
2020-03-12,0.0,275845.0,42.205487,Region Västmanland,,,,,,,,,0.0,,0.0
2020-03-13,0.0,275845.0,42.205487,Region Västmanland,,,,,,,,,0.0,,0.0
2020-03-14,0.0,275845.0,42.205487,Region Västmanland,,,,,,,,,5.0,,0.0
2020-03-15,0.0,275845.0,42.205487,Region Västmanland,,,,,,,,,5.0,,0.0
2020-03-16,0.0,275845.0,42.205487,Region Västmanland,,,,,,,,,5.0,,0.0
2020-03-17,0.0,275845.0,42.205487,Region Västmanland,,,,,,,,,12.0,,0.0
2020-03-18,0.0,275845.0,42.205487,Region Västmanland,,,,,,,,,18.0,inf,0.0
2020-03-19,0.0,275845.0,42.205487,Region Västmanland,,,,,,,,,18.0,inf,0.0
2020-03-20,0.0,275845.0,42.205487,Region Västmanland,,,,,,,,,19.0,inf,0.0
2020-03-21,0.0,275845.0,42.205487,Region Västmanland,inf,,,,,,,,21.0,inf,0.0
2020-03-22,0.0,275845.0,42.205487,Region Västmanland,inf,,,,,,,,21.0,inf,0.0
2020-03-23,0.0,275845.0,42.205487,Region Västmanland,inf,,,,,,,,21.0,inf,0.0
2020-03-24,1.0,275845.0,42.205487,Region Västmanland,7.0,inf,inf,inf,inf,inf,inf,inf,24.0,3.8,0.003625224310754228
2020-03-25,3.0,275845.0,42.205487,Region Västmanland,3.0,3.0,inf,inf,inf,inf,inf,inf,28.0,4.2,0.010875672932262683
2020-03-26,5.0,275845.0,42.205487,Region Västmanland,2.0,1.6666666666666667,5.0,inf,inf,inf,inf,inf,31.0,4.2,0.01812612155377114
2020-03-27,7.0,275845.0,42.205487,Region Västmanland,1.4285714285714286,1.4,2.3333333333333335,7.0,inf,inf,inf,inf,36.0,1.75,0.025376570175279594
2020-03-28,9.0,275845.0,42.205487,Region Västmanland,1.1111111111111112,1.2857142857142858,1.8,3.0,9.0,inf,inf,inf,47.0,1.3333333333333333,0.03262701879678805
2020-03-29,10.0,275845.0,42.205487,Region Västmanland,1.2,1.1111111111111112,1.4285714285714286,2.0,3.3333333333333335,10.0,inf,inf,50.0,1.5555555555555556,0.03625224310754228
2020-03-30,10.0,275845.0,42.205487,Region Västmanland,1.2,1.0,1.1111111111111112,1.4285714285714286,2.0,3.3333333333333335,10.0,inf,50.0,1.631578947368421,0.03625224310754228
2020-03-31,10.0,275845.0,42.205487,Region Västmanland,1.2,1.0,1.0,1.1111111111111112,1.4285714285714286,2.0,3.3333333333333335,10.0,73.0,1.7142857142857142,0.03625224310754228
2020-04-01,12.0,275845.0,42.205487,Region Västmanland,,1.2,1.2,1.2,1.3333333333333333,1.7142857142857142,2.4,4.0,,2.238095238095238,0.04350269172905073
2020-04-02,12.0,275845.0,42.205487,Region Västmanland,,1.0,1.2,1.2,1.2,1.3333333333333333,1.7142857142857142,2.4,,2.380952380952381,0.04350269172905073
2020-04-03,12.0,275845.0,42.205487,Region Västmanland,,1.0,1.0,1.2,1.2,1.2,1.3333333333333333,1.7142857142857142,,2.0833333333333335,0.04350269172905073
2020-03-06,0.0,304805.0,41.671205,Region Örebro län,,,,,,,,,0.0,,0.0
2020-03-07,0.0,304805.0,41.671205,Region Örebro län,,,,,,,,,1.0,,0.0
2020-03-08,0.0,304805.0,41.671205,Region Örebro län,,,,,,,,,2.0,,0.0
2020-03-09,0.0,304805.0,41.671205,Region Örebro län,,,,,,,,,4.0,,0.0
2020-03-10,0.0,304805.0,41.671205,Region Örebro län,,,,,,,,,4.0,,0.0
2020-03-11,0.0,304805.0,41.671205,Region Örebro län,,,,,,,,,4.0,,0.0
2020-03-12,0.0,304805.0,41.671205,Region Örebro län,,,,,,,,,4.0,,0.0
2020-03-13,0.0,304805.0,41.671205,Region Örebro län,,,,,,,,,7.0,,0.0
2020-03-14,0.0,304805.0,41.671205,Region Örebro län,,,,,,,,,9.0,,0.0
2020-03-15,0.0,304805.0,41.671205,Region Örebro län,,,,,,,,,9.0,,0.0
2020-03-16,0.0,304805.0,41.671205,Region Örebro län,,,,,,,,,9.0,inf,0.0
2020-03-17,0.0,304805.0,41.671205,Region Örebro län,inf,,,,,,,,9.0,7.0,0.0
2020-03-18,0.0,304805.0,41.671205,Region Örebro län,inf,,,,,,,,25.0,4.5,0.0
2020-03-19,0.0,304805.0,41.671205,Region Örebro län,inf,,,,,,,,28.0,2.25,0.0
2020-03-20,2.0,304805.0,41.671205,Region Örebro län,1.5,inf,inf,inf,inf,inf,inf,inf,37.0,2.25,0.006561572152687784
2020-03-21,2.0,304805.0,41.671205,Region Örebro län,2.0,1.0,inf,inf,inf,inf,inf,inf,42.0,2.25,0.006561572152687784
2020-03-22,3.0,304805.0,41.671205,Region Örebro län,2.0,1.5,1.5,inf,inf,inf,inf,inf,42.0,6.25,0.009842358229031676
2020-03-23,3.0,304805.0,41.671205,Region Örebro län,2.3333333333333335,1.0,1.5,1.5,inf,inf,inf,inf,42.0,4.0,0.009842358229031676
2020-03-24,4.0,304805.0,41.671205,Region Örebro län,1.75,1.3333333333333333,1.3333333333333333,2.0,2.0,inf,inf,inf,48.0,4.111111111111111,0.013123144305375568
2020-03-25,6.0,304805.0,41.671205,Region Örebro län,1.1666666666666667,1.5,2.0,2.0,3.0,3.0,inf,inf,59.0,4.666666666666667,0.019684716458063353
2020-03-26,7.0,304805.0,41.671205,Region Örebro län,1.2857142857142858,1.1666666666666667,1.75,2.3333333333333335,2.3333333333333335,3.5,3.5,inf,67.0,4.666666666666667,0.022965502534407243
2020-03-27,7.0,304805.0,41.671205,Region Örebro län,1.2857142857142858,1.0,1.1666666666666667,1.75,2.3333333333333335,2.3333333333333335,3.5,3.5,73.0,4.666666666666667,0.022965502534407243
2020-03-28,7.0,304805.0,41.671205,Region Örebro län,1.2857142857142858,1.0,1.0,1.1666666666666667,1.75,2.3333333333333335,2.3333333333333335,3.5,79.0,1.92,0.022965502534407243
2020-03-29,9.0,304805.0,41.671205,Region Örebro län,1.1111111111111112,1.2857142857142858,1.2857142857142858,1.2857142857142858,1.5,2.25,3.0,3.0,86.0,2.107142857142857,0.029527074687095027
2020-03-30,9.0,304805.0,41.671205,Region Örebro län,1.3333333333333333,1.0,1.2857142857142858,1.2857142857142858,1.2857142857142858,1.5,2.25,3.0,89.0,1.8108108108108107,0.029527074687095027
2020-03-31,9.0,304805.0,41.671205,Region Örebro län,1.3333333333333333,1.0,1.0,1.2857142857142858,1.2857142857142858,1.2857142857142858,1.5,2.25,106.0,1.7380952380952381,0.029527074687095027
2020-04-01,10.0,304805.0,41.671205,Region Örebro län,,1.1111111111111112,1.1111111111111112,1.1111111111111112,1.4285714285714286,1.4285714285714286,1.4285714285714286,1.6666666666666667,,1.880952380952381,0.03280786076343892
2020-04-02,12.0,304805.0,41.671205,Region Örebro län,,1.2,1.3333333333333333,1.3333333333333333,1.3333333333333333,1.7142857142857142,1.7142857142857142,1.7142857142857142,,2.0476190476190474,0.039369432916126705
2020-04-03,12.0,304805.0,41.671205,Region Örebro län,,1.0,1.2,1.3333333333333333,1.3333333333333333,1.3333333333333333,1.7142857142857142,1.7142857142857142,,1.8541666666666667,0.039369432916126705
2020-03-06,0.0,465495.0,41.404762,Region Östergötland,,,,,,,,,0.0,,0.0
2020-03-07,0.0,465495.0,41.404762,Region Östergötland,,,,,,,,,0.0,,0.0
2020-03-08,0.0,465495.0,41.404762,Region Östergötland,,,,,,,,,0.0,,0.0
2020-03-09,0.0,465495.0,41.404762,Region Östergötland,,,,,,,,,0.0,,0.0
2020-03-10,0.0,465495.0,41.404762,Region Östergötland,,,,,,,,,0.0,,0.0
2020-03-11,0.0,465495.0,41.404762,Region Östergötland,,,,,,,,,0.0,,0.0
2020-03-12,0.0,465495.0,41.404762,Region Östergötland,,,,,,,,,0.0,,0.0
2020-03-13,0.0,465495.0,41.404762,Region Östergötland,inf,,,,,,,,1.0,,0.0
2020-03-14,0.0,465495.0,41.404762,Region Östergötland,inf,,,,,,,,11.0,,0.0
2020-03-15,0.0,465495.0,41.404762,Region Östergötland,inf,,,,,,,,18.0,,0.0
2020-03-16,1.0,465495.0,41.404762,Region Östergötland,3.0,inf,inf,inf,inf,inf,inf,inf,27.0,,0.0021482507867968507
2020-03-17,1.0,465495.0,41.404762,Region Östergötland,4.0,1.0,inf,inf,inf,inf,inf,inf,35.0,inf,0.0021482507867968507
2020-03-18,2.0,465495.0,41.404762,Region Östergötland,2.5,2.0,2.0,inf,inf,inf,inf,inf,48.0,inf,0.0042965015735937015
2020-03-19,3.0,465495.0,41.404762,Region Östergötland,2.6666666666666665,1.5,3.0,3.0,inf,inf,inf,inf,76.0,inf,0.006444752360390552
2020-03-20,4.0,465495.0,41.404762,Region Östergötland,2.75,1.3333333333333333,2.0,4.0,4.0,inf,inf,inf,104.0,inf,0.008593003147187403
2020-03-21,5.0,465495.0,41.404762,Region Östergötland,2.8,1.25,1.6666666666666667,2.5,5.0,5.0,inf,inf,126.0,inf,0.010741253933984254
2020-03-22,8.0,465495.0,41.404762,Region Östergötland,2.375,1.6,2.0,2.6666666666666665,4.0,8.0,8.0,inf,138.0,inf,0.017186006294374806
2020-03-23,11.0,465495.0,41.404762,Region Östergötland,1.9090909090909092,1.375,2.2,2.75,3.6666666666666665,5.5,11.0,11.0,151.0,76.0,0.023630758654765358
2020-03-24,14.0,465495.0,41.404762,Region Östergötland,1.6428571428571428,1.2727272727272727,1.75,2.8,3.5,4.666666666666667,7.0,14.0,169.0,9.454545454545455,0.03007551101515591
2020-03-25,19.0,465495.0,41.404762,Region Östergötland,1.3157894736842106,1.3571428571428572,1.7272727272727273,2.375,3.8,4.75,6.333333333333333,9.5,199.0,7.0,0.04081676494914016
2020-03-26,21.0,465495.0,41.404762,Region Östergötland,1.2857142857142858,1.105263157894737,1.5,1.9090909090909092,2.625,4.2,5.25,7.0,210.0,5.111111111111111,0.04511326652273386
2020-03-27,23.0,465495.0,41.404762,Region Östergötland,1.173913043478261,1.0952380952380953,1.2105263157894737,1.6428571428571428,2.090909090909091,2.875,4.6,5.75,239.0,4.314285714285714,0.049409768096327564
2020-03-28,25.0,465495.0,41.404762,Region Östergötland,1.12,1.0869565217391304,1.1904761904761905,1.3157894736842106,1.7857142857142858,2.272727272727273,3.125,5.0,272.0,3.5208333333333335,0.053706269669921265
2020-03-29,27.0,465495.0,41.404762,Region Östergötland,1.037037037037037,1.08,1.173913043478261,1.2857142857142858,1.4210526315789473,1.9285714285714286,2.4545454545454546,3.375,315.0,2.6184210526315788,0.05800277124351497
2020-03-30,27.0,465495.0,41.404762,Region Östergötland,1.2592592592592593,1.0,1.08,1.173913043478261,1.2857142857142858,1.4210526315789473,1.9285714285714286,2.4545454545454546,355.0,2.019230769230769,0.05800277124351497
2020-03-31,28.0,465495.0,41.404762,Region Östergötland,1.2857142857142858,1.037037037037037,1.037037037037037,1.12,1.2173913043478262,1.3333333333333333,1.4736842105263157,2.0,376.0,1.8968253968253967,0.06015102203031182
2020-04-01,28.0,465495.0,41.404762,Region Östergötland,,1.0,1.037037037037037,1.037037037037037,1.12,1.2173913043478262,1.3333333333333333,1.4736842105263157,,1.9710144927536233,0.06015102203031182
2020-04-02,34.0,465495.0,41.404762,Region Östergötland,,1.2142857142857142,1.2142857142857142,1.2592592592592593,1.2592592592592593,1.36,1.4782608695652173,1.619047619047619,,2.0860927152317883,0.07304052675109292
2020-04-03,36.0,465495.0,41.404762,Region Östergötland,,1.0588235294117647,1.2857142857142858,1.2857142857142858,1.3333333333333333,1.3333333333333333,1.44,1.565217391304348,,2.100591715976331,0.07733702832468663
2020-03-06,0.0,1725881.0,41.079673,Västra Götalandsregionen,inf,,,,,,,,0.0,,0.0
2020-03-07,1.0,1725881.0,41.079673,Västra Götalandsregionen,1.0,inf,,,,,,,1.0,,0.0005794142238080145
2020-03-08,1.0,1725881.0,41.079673,Västra Götalandsregionen,1.0,1.0,inf,,,,,,6.0,,0.0005794142238080145
2020-03-09,1.0,1725881.0,41.079673,Västra Götalandsregionen,1.0,1.0,1.0,inf,,,,,17.0,,0.0005794142238080145
2020-03-10,1.0,1725881.0,41.079673,Västra Götalandsregionen,1.0,1.0,1.0,1.0,inf,,,,32.0,,0.0005794142238080145
2020-03-11,1.0,1725881.0,41.079673,Västra Götalandsregionen,1.0,1.0,1.0,1.0,1.0,inf,,,45.0,,0.0005794142238080145
2020-03-12,1.0,1725881.0,41.079673,Västra Götalandsregionen,1.0,1.0,1.0,1.0,1.0,1.0,inf,,102.0,,0.0005794142238080145
2020-03-13,1.0,1725881.0,41.079673,Västra Götalandsregionen,2.0,1.0,1.0,1.0,1.0,1.0,1.0,inf,121.0,,0.0005794142238080145
2020-03-14,1.0,1725881.0,41.079673,Västra Götalandsregionen,3.0,1.0,1.0,1.0,1.0,1.0,1.0,1.0,140.0,,0.0005794142238080145
2020-03-15,1.0,1725881.0,41.079673,Västra Götalandsregionen,6.0,1.0,1.0,1.0,1.0,1.0,1.0,1.0,145.0,,0.0005794142238080145
2020-03-16,2.0,1725881.0,41.079673,Västra Götalandsregionen,4.0,2.0,2.0,2.0,2.0,2.0,2.0,2.0,163.0,inf,0.001158828447616029
2020-03-17,3.0,1725881.0,41.079673,Västra Götalandsregionen,3.0,1.5,3.0,3.0,3.0,3.0,3.0,3.0,169.0,121.0,0.0017382426714240438
2020-03-18,6.0,1725881.0,41.079673,Västra Götalandsregionen,2.0,2.0,3.0,6.0,6.0,6.0,6.0,6.0,182.0,23.333333333333332,0.0034764853428480877
2020-03-19,8.0,1725881.0,41.079673,Västra Götalandsregionen,1.75,1.3333333333333333,2.6666666666666665,4.0,8.0,8.0,8.0,8.0,192.0,8.529411764705882,0.004635313790464116
2020-03-20,9.0,1725881.0,41.079673,Västra Götalandsregionen,2.0,1.125,1.5,3.0,4.5,9.0,9.0,9.0,206.0,5.09375,0.005214728014272131
2020-03-21,12.0,1725881.0,41.079673,Västra Götalandsregionen,1.5833333333333333,1.3333333333333333,1.5,2.0,4.0,6.0,12.0,12.0,229.0,3.7555555555555555,0.006952970685696175
2020-03-22,14.0,1725881.0,41.079673,Västra Götalandsregionen,1.4285714285714286,1.1666666666666667,1.5555555555555556,1.75,2.3333333333333335,4.666666666666667,7.0,14.0,237.0,1.7843137254901962,0.008111799133312204
2020-03-23,18.0,1725881.0,41.079673,Västra Götalandsregionen,1.3888888888888888,1.2857142857142858,1.5,2.0,2.25,3.0,6.0,9.0,241.0,1.5867768595041323,0.010429456028544263
2020-03-24,19.0,1725881.0,41.079673,Västra Götalandsregionen,1.4210526315789473,1.0555555555555556,1.3571428571428572,1.5833333333333333,2.111111111111111,2.375,3.1666666666666665,6.333333333333333,250.0,1.4714285714285715,0.011008870252352277
2020-03-25,20.0,1725881.0,41.079673,Västra Götalandsregionen,1.55,1.0526315789473684,1.1111111111111112,1.4285714285714286,1.6666666666666667,2.2222222222222223,2.5,3.3333333333333335,260.0,1.5793103448275863,0.01158828447616029
2020-03-26,25.0,1725881.0,41.079673,Västra Götalandsregionen,1.48,1.25,1.3157894736842106,1.3888888888888888,1.7857142857142858,2.0833333333333335,2.7777777777777777,3.125,279.0,1.4539877300613497,0.014485355595200365
2020-03-27,27.0,1725881.0,41.079673,Västra Götalandsregionen,1.4814814814814814,1.08,1.35,1.4210526315789473,1.5,1.9285714285714286,2.25,3.0,299.0,1.4260355029585798,0.01564418404281639
2020-03-28,31.0,1725881.0,41.079673,Västra Götalandsregionen,1.4193548387096775,1.1481481481481481,1.24,1.55,1.631578947368421,1.7222222222222223,2.2142857142857144,2.5833333333333335,317.0,1.3736263736263736,0.01796184093804845
2020-03-29,37.0,1725881.0,41.079673,Västra Götalandsregionen,1.3243243243243243,1.1935483870967742,1.3703703703703705,1.48,1.85,1.9473684210526316,2.0555555555555554,2.642857142857143,342.0,1.3541666666666667,0.02143832628089654
2020-03-30,40.0,1725881.0,41.079673,Västra Götalandsregionen,1.25,1.0810810810810811,1.2903225806451613,1.4814814814814814,1.6,2.0,2.1052631578947367,2.2222222222222223,357.0,1.354368932038835,0.02317656895232058
2020-03-31,44.0,1725881.0,41.079673,Västra Götalandsregionen,1.2272727272727273,1.1,1.1891891891891893,1.4193548387096775,1.6296296296296295,1.76,2.2,2.3157894736842106,384.0,1.3056768558951966,0.02549422584755264
2020-04-01,49.0,1725881.0,41.079673,Västra Götalandsregionen,,1.1136363636363635,1.225,1.3243243243243243,1.5806451612903225,1.8148148148148149,1.96,2.45,,1.3375527426160339,0.028391296966592715
2020-04-02,50.0,1725881.0,41.079673,Västra Götalandsregionen,,1.0204081632653061,1.1363636363636365,1.25,1.3513513513513513,1.6129032258064515,1.8518518518518519,2.0,,1.4190871369294606,0.02897071119040073
2020-04-03,54.0,1725881.0,41.079673,Västra Götalandsregionen,,1.08,1.1020408163265305,1.2272727272727273,1.35,1.4594594594594594,1.7419354838709677,2.0,,1.428,0.03128836808563278
2020-03-06,0.0,59686.0,44.892387,Region Gotland,,,,,,,,,0.0,,0.0
2020-03-07,0.0,59686.0,44.892387,Region Gotland,,,,,,,,,0.0,,0.0
2020-03-08,0.0,59686.0,44.892387,Region Gotland,,,,,,,,,0.0,,0.0
2020-03-09,0.0,59686.0,44.892387,Region Gotland,,,,,,,,,0.0,,0.0
2020-03-10,0.0,59686.0,44.892387,Region Gotland,,,,,,,,,0.0,,0.0
2020-03-11,0.0,59686.0,44.892387,Region Gotland,,,,,,,,,0.0,,0.0
2020-03-12,0.0,59686.0,44.892387,Region Gotland,,,,,,,,,2.0,,0.0
2020-03-13,0.0,59686.0,44.892387,Region Gotland,,,,,,,,,2.0,,0.0
2020-03-14,0.0,59686.0,44.892387,Region Gotland,,,,,,,,,2.0,,0.0
2020-03-15,0.0,59686.0,44.892387,Region Gotland,,,,,,,,,2.0,,0.0
2020-03-16,0.0,59686.0,44.892387,Region Gotland,,,,,,,,,2.0,inf,0.0
2020-03-17,0.0,59686.0,44.892387,Region Gotland,,,,,,,,,2.0,inf,0.0
2020-03-18,0.0,59686.0,44.892387,Region Gotland,,,,,,,,,3.0,inf,0.0
2020-03-19,0.0,59686.0,44.892387,Region Gotland,,,,,,,,,4.0,inf,0.0
2020-03-20,0.0,59686.0,44.892387,Region Gotland,,,,,,,,,5.0,inf,0.0
2020-03-21,0.0,59686.0,44.892387,Region Gotland,,,,,,,,,5.0,inf,0.0
2020-03-22,0.0,59686.0,44.892387,Region Gotland,,,,,,,,,5.0,1.5,0.0
2020-03-23,0.0,59686.0,44.892387,Region Gotland,,,,,,,,,5.0,2.0,0.0
2020-03-24,0.0,59686.0,44.892387,Region Gotland,,,,,,,,,5.0,2.5,0.0
2020-03-25,0.0,59686.0,44.892387,Region Gotland,,,,,,,,,5.0,2.5,0.0
2020-03-26,0.0,59686.0,44.892387,Region Gotland,,,,,,,,,6.0,2.5,0.0
2020-03-27,0.0,59686.0,44.892387,Region Gotland,,,,,,,,,10.0,2.5,0.0
2020-03-28,0.0,59686.0,44.892387,Region Gotland,,,,,,,,,11.0,1.6666666666666667,0.0
2020-03-29,0.0,59686.0,44.892387,Region Gotland,,,,,,,,,11.0,1.25,0.0
2020-03-30,0.0,59686.0,44.892387,Region Gotland,,,,,,,,,11.0,1.2,0.0
2020-03-31,0.0,59686.0,44.892387,Region Gotland,,,,,,,,,11.0,2.0,0.0
2020-04-01,0.0,59686.0,44.892387,Region Gotland,,,,,,,,,,2.2,0.0
2020-04-02,1.0,59686.0,44.892387,Region Gotland,,,,,,,,,,2.2,0.016754347753241968
2020-04-03,1.0,59686.0,44.892387,Region Gotland,,1.0,,,,,,,,2.2,0.016754347753241968
